column,block,test_time_source
ensembl_gene_id,id,identifier (available at test time)
efo_id,id,identifier (available at test time)
gene_symbol,id,identifier (available at test time)
label_consensus,label,CANONICAL training target: 1=clinically validated / 0=efficacy-failure-or-broad-negative (1570/5273)
label_consensus_v2,label,"ALT: cleaned twin of label_consensus (1570/5267, 6 NaN dropped)"
label_efficacy_gold,label,"ALT: gold efficacy-adjudicated subset only (565 pos / 96 neg / 6182 NaN) — tier-1, confidence 0.95"
label_tier,label,label evidence tier 1=gold efficacy .. 4=broad negative
label_confidence,label,per-pair label confidence weight
fold_seqclust,fold,"FROZEN 5-fold: genes clustered by DIAMOND homology >=50% identity (union-find), whole clusters assigned to folds — homolog-safe, 0% cross-fold homology bridging. PRIMARY deployment split."
fold_gene,fold,"FROZEN 5-fold: random gene assignment (seed 0), gene-disjoint but NOT homolog-safe"
fold_disease,fold,FROZEN 5-fold: random disease assignment (seed 0); combine with fold_gene for both-axes-disjoint (test=gene_fold==k AND disease_fold==k)
protein_length,intrinsic_84,gene-ID lookup or sequence-derived (AA/biophysics/InterPro/gnomAD/GTEx/HPA)
protein_mass,intrinsic_84,gene-ID lookup or sequence-derived (AA/biophysics/InterPro/gnomAD/GTEx/HPA)
is_membrane,intrinsic_84,gene-ID lookup or sequence-derived (AA/biophysics/InterPro/gnomAD/GTEx/HPA)
has_signal_peptide,intrinsic_84,gene-ID lookup or sequence-derived (AA/biophysics/InterPro/gnomAD/GTEx/HPA)
pI,intrinsic_84,gene-ID lookup or sequence-derived (AA/biophysics/InterPro/gnomAD/GTEx/HPA)
gravy,intrinsic_84,gene-ID lookup or sequence-derived (AA/biophysics/InterPro/gnomAD/GTEx/HPA)
instability,intrinsic_84,gene-ID lookup or sequence-derived (AA/biophysics/InterPro/gnomAD/GTEx/HPA)
n_transmembrane,intrinsic_84,gene-ID lookup or sequence-derived (AA/biophysics/InterPro/gnomAD/GTEx/HPA)
is_surface_or_secreted,intrinsic_84,gene-ID lookup or sequence-derived (AA/biophysics/InterPro/gnomAD/GTEx/HPA)
ipr_n_family,intrinsic_84,gene-ID lookup or sequence-derived (AA/biophysics/InterPro/gnomAD/GTEx/HPA)
ipr_n_domain,intrinsic_84,gene-ID lookup or sequence-derived (AA/biophysics/InterPro/gnomAD/GTEx/HPA)
iprfam_g_protein-coupled_receptor_rhodopsin-lik,intrinsic_84,gene-ID lookup or sequence-derived (AA/biophysics/InterPro/gnomAD/GTEx/HPA)
iprfam_5-hydroxytryptamine_receptor_family,intrinsic_84,gene-ID lookup or sequence-derived (AA/biophysics/InterPro/gnomAD/GTEx/HPA)
iprfam_adrenoceptor_family,intrinsic_84,gene-ID lookup or sequence-derived (AA/biophysics/InterPro/gnomAD/GTEx/HPA)
iprfam_ionotropic_glutamate_receptor_metazoa,intrinsic_84,gene-ID lookup or sequence-derived (AA/biophysics/InterPro/gnomAD/GTEx/HPA)
iprfam_ionotropic_glutamate_receptor,intrinsic_84,gene-ID lookup or sequence-derived (AA/biophysics/InterPro/gnomAD/GTEx/HPA)
iprfam_peptidase_s1a_chymotrypsin_family,intrinsic_84,gene-ID lookup or sequence-derived (AA/biophysics/InterPro/gnomAD/GTEx/HPA)
iprfam_gamma-aminobutyric_acid_a_receptor/glyci,intrinsic_84,gene-ID lookup or sequence-derived (AA/biophysics/InterPro/gnomAD/GTEx/HPA)
iprfam_dopamine_receptor_family,intrinsic_84,gene-ID lookup or sequence-derived (AA/biophysics/InterPro/gnomAD/GTEx/HPA)
iprfam_serine/threonine_kinases_and_pseudokinas,intrinsic_84,gene-ID lookup or sequence-derived (AA/biophysics/InterPro/gnomAD/GTEx/HPA)
iprfam_receptor_tyrosine_kinase,intrinsic_84,gene-ID lookup or sequence-derived (AA/biophysics/InterPro/gnomAD/GTEx/HPA)
iprfam_carbonic_anhydrase_alpha-class,intrinsic_84,gene-ID lookup or sequence-derived (AA/biophysics/InterPro/gnomAD/GTEx/HPA)
iprfam_somatostatin_receptor_family,intrinsic_84,gene-ID lookup or sequence-derived (AA/biophysics/InterPro/gnomAD/GTEx/HPA)
iprfam_nuclear_hormone_receptor_family_nr3_subf,intrinsic_84,gene-ID lookup or sequence-derived (AA/biophysics/InterPro/gnomAD/GTEx/HPA)
iprfam_platelet-derived/vascular_endothelial_gr,intrinsic_84,gene-ID lookup or sequence-derived (AA/biophysics/InterPro/gnomAD/GTEx/HPA)
iprfam_nicotinic_acetylcholine_receptor,intrinsic_84,gene-ID lookup or sequence-derived (AA/biophysics/InterPro/gnomAD/GTEx/HPA)
iprfam_opioid_receptor,intrinsic_84,gene-ID lookup or sequence-derived (AA/biophysics/InterPro/gnomAD/GTEx/HPA)
iprfam_sodium:neurotransmitter_symporter,intrinsic_84,gene-ID lookup or sequence-derived (AA/biophysics/InterPro/gnomAD/GTEx/HPA)
iprfam_adenosine_receptor,intrinsic_84,gene-ID lookup or sequence-derived (AA/biophysics/InterPro/gnomAD/GTEx/HPA)
iprfam_muscarinic_acetylcholine_receptor_family,intrinsic_84,gene-ID lookup or sequence-derived (AA/biophysics/InterPro/gnomAD/GTEx/HPA)
iprfam_vasopressin_receptor,intrinsic_84,gene-ID lookup or sequence-derived (AA/biophysics/InterPro/gnomAD/GTEx/HPA)
iprfam_integrin_alpha_chain,intrinsic_84,gene-ID lookup or sequence-derived (AA/biophysics/InterPro/gnomAD/GTEx/HPA)
iprfam_nuclear_hormone_receptor,intrinsic_84,gene-ID lookup or sequence-derived (AA/biophysics/InterPro/gnomAD/GTEx/HPA)
iprfam_sphingosine_1-phosphate_receptor,intrinsic_84,gene-ID lookup or sequence-derived (AA/biophysics/InterPro/gnomAD/GTEx/HPA)
iprfam_gpcr_family_3_metabotropic_glutamate_rec,intrinsic_84,gene-ID lookup or sequence-derived (AA/biophysics/InterPro/gnomAD/GTEx/HPA)
iprfam_gpcr_family_3,intrinsic_84,gene-ID lookup or sequence-derived (AA/biophysics/InterPro/gnomAD/GTEx/HPA)
iprfam_metabotropic_glutamate_receptor,intrinsic_84,gene-ID lookup or sequence-derived (AA/biophysics/InterPro/gnomAD/GTEx/HPA)
iprfam_mitogen-activated_protein_(map)_kinase_k,intrinsic_84,gene-ID lookup or sequence-derived (AA/biophysics/InterPro/gnomAD/GTEx/HPA)
iprfam_gamma-aminobutyric-acid_a_receptor_alpha,intrinsic_84,gene-ID lookup or sequence-derived (AA/biophysics/InterPro/gnomAD/GTEx/HPA)
ipr_has_kinase,intrinsic_84,gene-ID lookup or sequence-derived (AA/biophysics/InterPro/gnomAD/GTEx/HPA)
ipr_has_gpcr,intrinsic_84,gene-ID lookup or sequence-derived (AA/biophysics/InterPro/gnomAD/GTEx/HPA)
seq_len,intrinsic_84,gene-ID lookup or sequence-derived (AA/biophysics/InterPro/gnomAD/GTEx/HPA)
aromaticity,intrinsic_84,gene-ID lookup or sequence-derived (AA/biophysics/InterPro/gnomAD/GTEx/HPA)
helix,intrinsic_84,gene-ID lookup or sequence-derived (AA/biophysics/InterPro/gnomAD/GTEx/HPA)
turn,intrinsic_84,gene-ID lookup or sequence-derived (AA/biophysics/InterPro/gnomAD/GTEx/HPA)
sheet,intrinsic_84,gene-ID lookup or sequence-derived (AA/biophysics/InterPro/gnomAD/GTEx/HPA)
aa_A,intrinsic_84,gene-ID lookup or sequence-derived (AA/biophysics/InterPro/gnomAD/GTEx/HPA)
aa_C,intrinsic_84,gene-ID lookup or sequence-derived (AA/biophysics/InterPro/gnomAD/GTEx/HPA)
aa_D,intrinsic_84,gene-ID lookup or sequence-derived (AA/biophysics/InterPro/gnomAD/GTEx/HPA)
aa_E,intrinsic_84,gene-ID lookup or sequence-derived (AA/biophysics/InterPro/gnomAD/GTEx/HPA)
aa_F,intrinsic_84,gene-ID lookup or sequence-derived (AA/biophysics/InterPro/gnomAD/GTEx/HPA)
aa_G,intrinsic_84,gene-ID lookup or sequence-derived (AA/biophysics/InterPro/gnomAD/GTEx/HPA)
aa_H,intrinsic_84,gene-ID lookup or sequence-derived (AA/biophysics/InterPro/gnomAD/GTEx/HPA)
aa_I,intrinsic_84,gene-ID lookup or sequence-derived (AA/biophysics/InterPro/gnomAD/GTEx/HPA)
aa_K,intrinsic_84,gene-ID lookup or sequence-derived (AA/biophysics/InterPro/gnomAD/GTEx/HPA)
aa_L,intrinsic_84,gene-ID lookup or sequence-derived (AA/biophysics/InterPro/gnomAD/GTEx/HPA)
aa_M,intrinsic_84,gene-ID lookup or sequence-derived (AA/biophysics/InterPro/gnomAD/GTEx/HPA)
aa_N,intrinsic_84,gene-ID lookup or sequence-derived (AA/biophysics/InterPro/gnomAD/GTEx/HPA)
aa_P,intrinsic_84,gene-ID lookup or sequence-derived (AA/biophysics/InterPro/gnomAD/GTEx/HPA)
aa_Q,intrinsic_84,gene-ID lookup or sequence-derived (AA/biophysics/InterPro/gnomAD/GTEx/HPA)
aa_R,intrinsic_84,gene-ID lookup or sequence-derived (AA/biophysics/InterPro/gnomAD/GTEx/HPA)
aa_S,intrinsic_84,gene-ID lookup or sequence-derived (AA/biophysics/InterPro/gnomAD/GTEx/HPA)
aa_T,intrinsic_84,gene-ID lookup or sequence-derived (AA/biophysics/InterPro/gnomAD/GTEx/HPA)
aa_V,intrinsic_84,gene-ID lookup or sequence-derived (AA/biophysics/InterPro/gnomAD/GTEx/HPA)
aa_W,intrinsic_84,gene-ID lookup or sequence-derived (AA/biophysics/InterPro/gnomAD/GTEx/HPA)
aa_Y,intrinsic_84,gene-ID lookup or sequence-derived (AA/biophysics/InterPro/gnomAD/GTEx/HPA)
seq_mass,intrinsic_84,gene-ID lookup or sequence-derived (AA/biophysics/InterPro/gnomAD/GTEx/HPA)
penetrance_valid,intrinsic_84,gene-ID lookup or sequence-derived (AA/biophysics/InterPro/gnomAD/GTEx/HPA)
lof_oe,intrinsic_84,gene-ID lookup or sequence-derived (AA/biophysics/InterPro/gnomAD/GTEx/HPA)
lof_score,intrinsic_84,gene-ID lookup or sequence-derived (AA/biophysics/InterPro/gnomAD/GTEx/HPA)
mis_score,intrinsic_84,gene-ID lookup or sequence-derived (AA/biophysics/InterPro/gnomAD/GTEx/HPA)
hpa_log_brain_ntpm,intrinsic_84,gene-ID lookup or sequence-derived (AA/biophysics/InterPro/gnomAD/GTEx/HPA)
hpa_brain_expressed,intrinsic_84,gene-ID lookup or sequence-derived (AA/biophysics/InterPro/gnomAD/GTEx/HPA)
hpa_detected_all,intrinsic_84,gene-ID lookup or sequence-derived (AA/biophysics/InterPro/gnomAD/GTEx/HPA)
gnomad_oe_lof,intrinsic_84,gene-ID lookup or sequence-derived (AA/biophysics/InterPro/gnomAD/GTEx/HPA)
gnomad_oe_lof_upper,intrinsic_84,gene-ID lookup or sequence-derived (AA/biophysics/InterPro/gnomAD/GTEx/HPA)
gnomad_oe_mis,intrinsic_84,gene-ID lookup or sequence-derived (AA/biophysics/InterPro/gnomAD/GTEx/HPA)
gnomad_lof_z,intrinsic_84,gene-ID lookup or sequence-derived (AA/biophysics/InterPro/gnomAD/GTEx/HPA)
gnomad_lof_pLI,intrinsic_84,gene-ID lookup or sequence-derived (AA/biophysics/InterPro/gnomAD/GTEx/HPA)
gnomad_lof_constrained,intrinsic_84,gene-ID lookup or sequence-derived (AA/biophysics/InterPro/gnomAD/GTEx/HPA)
gtex_brain_mean_tpm,intrinsic_84,gene-ID lookup or sequence-derived (AA/biophysics/InterPro/gnomAD/GTEx/HPA)
gtex_brain_max_tpm,intrinsic_84,gene-ID lookup or sequence-derived (AA/biophysics/InterPro/gnomAD/GTEx/HPA)
gtex_brain_expressed,intrinsic_84,gene-ID lookup or sequence-derived (AA/biophysics/InterPro/gnomAD/GTEx/HPA)
gtex_brain_specificity,intrinsic_84,gene-ID lookup or sequence-derived (AA/biophysics/InterPro/gnomAD/GTEx/HPA)
emb_esmc6b_0,esmc6b,ESMC-6B forward pass on UniProt sequence (layer 64 mean-pool)
emb_esmc6b_1,esmc6b,ESMC-6B forward pass on UniProt sequence (layer 64 mean-pool)
emb_esmc6b_2,esmc6b,ESMC-6B forward pass on UniProt sequence (layer 64 mean-pool)
emb_esmc6b_3,esmc6b,ESMC-6B forward pass on UniProt sequence (layer 64 mean-pool)
emb_esmc6b_4,esmc6b,ESMC-6B forward pass on UniProt sequence (layer 64 mean-pool)
emb_esmc6b_5,esmc6b,ESMC-6B forward pass on UniProt sequence (layer 64 mean-pool)
emb_esmc6b_6,esmc6b,ESMC-6B forward pass on UniProt sequence (layer 64 mean-pool)
emb_esmc6b_7,esmc6b,ESMC-6B forward pass on UniProt sequence (layer 64 mean-pool)
emb_esmc6b_8,esmc6b,ESMC-6B forward pass on UniProt sequence (layer 64 mean-pool)
emb_esmc6b_9,esmc6b,ESMC-6B forward pass on UniProt sequence (layer 64 mean-pool)
emb_esmc6b_10,esmc6b,ESMC-6B forward pass on UniProt sequence (layer 64 mean-pool)
emb_esmc6b_11,esmc6b,ESMC-6B forward pass on UniProt sequence (layer 64 mean-pool)
emb_esmc6b_12,esmc6b,ESMC-6B forward pass on UniProt sequence (layer 64 mean-pool)
emb_esmc6b_13,esmc6b,ESMC-6B forward pass on UniProt sequence (layer 64 mean-pool)
emb_esmc6b_14,esmc6b,ESMC-6B forward pass on UniProt sequence (layer 64 mean-pool)
emb_esmc6b_15,esmc6b,ESMC-6B forward pass on UniProt sequence (layer 64 mean-pool)
emb_esmc6b_16,esmc6b,ESMC-6B forward pass on UniProt sequence (layer 64 mean-pool)
emb_esmc6b_17,esmc6b,ESMC-6B forward pass on UniProt sequence (layer 64 mean-pool)
emb_esmc6b_18,esmc6b,ESMC-6B forward pass on UniProt sequence (layer 64 mean-pool)
emb_esmc6b_19,esmc6b,ESMC-6B forward pass on UniProt sequence (layer 64 mean-pool)
emb_esmc6b_20,esmc6b,ESMC-6B forward pass on UniProt sequence (layer 64 mean-pool)
emb_esmc6b_21,esmc6b,ESMC-6B forward pass on UniProt sequence (layer 64 mean-pool)
emb_esmc6b_22,esmc6b,ESMC-6B forward pass on UniProt sequence (layer 64 mean-pool)
emb_esmc6b_23,esmc6b,ESMC-6B forward pass on UniProt sequence (layer 64 mean-pool)
emb_esmc6b_24,esmc6b,ESMC-6B forward pass on UniProt sequence (layer 64 mean-pool)
emb_esmc6b_25,esmc6b,ESMC-6B forward pass on UniProt sequence (layer 64 mean-pool)
emb_esmc6b_26,esmc6b,ESMC-6B forward pass on UniProt sequence (layer 64 mean-pool)
emb_esmc6b_27,esmc6b,ESMC-6B forward pass on UniProt sequence (layer 64 mean-pool)
emb_esmc6b_28,esmc6b,ESMC-6B forward pass on UniProt sequence (layer 64 mean-pool)
emb_esmc6b_29,esmc6b,ESMC-6B forward pass on UniProt sequence (layer 64 mean-pool)
emb_esmc6b_30,esmc6b,ESMC-6B forward pass on UniProt sequence (layer 64 mean-pool)
emb_esmc6b_31,esmc6b,ESMC-6B forward pass on UniProt sequence (layer 64 mean-pool)
emb_esmc6b_32,esmc6b,ESMC-6B forward pass on UniProt sequence (layer 64 mean-pool)
emb_esmc6b_33,esmc6b,ESMC-6B forward pass on UniProt sequence (layer 64 mean-pool)
emb_esmc6b_34,esmc6b,ESMC-6B forward pass on UniProt sequence (layer 64 mean-pool)
emb_esmc6b_35,esmc6b,ESMC-6B forward pass on UniProt sequence (layer 64 mean-pool)
emb_esmc6b_36,esmc6b,ESMC-6B forward pass on UniProt sequence (layer 64 mean-pool)
emb_esmc6b_37,esmc6b,ESMC-6B forward pass on UniProt sequence (layer 64 mean-pool)
emb_esmc6b_38,esmc6b,ESMC-6B forward pass on UniProt sequence (layer 64 mean-pool)
emb_esmc6b_39,esmc6b,ESMC-6B forward pass on UniProt sequence (layer 64 mean-pool)
emb_esmc6b_40,esmc6b,ESMC-6B forward pass on UniProt sequence (layer 64 mean-pool)
emb_esmc6b_41,esmc6b,ESMC-6B forward pass on UniProt sequence (layer 64 mean-pool)
emb_esmc6b_42,esmc6b,ESMC-6B forward pass on UniProt sequence (layer 64 mean-pool)
emb_esmc6b_43,esmc6b,ESMC-6B forward pass on UniProt sequence (layer 64 mean-pool)
emb_esmc6b_44,esmc6b,ESMC-6B forward pass on UniProt sequence (layer 64 mean-pool)
emb_esmc6b_45,esmc6b,ESMC-6B forward pass on UniProt sequence (layer 64 mean-pool)
emb_esmc6b_46,esmc6b,ESMC-6B forward pass on UniProt sequence (layer 64 mean-pool)
emb_esmc6b_47,esmc6b,ESMC-6B forward pass on UniProt sequence (layer 64 mean-pool)
emb_esmc6b_48,esmc6b,ESMC-6B forward pass on UniProt sequence (layer 64 mean-pool)
emb_esmc6b_49,esmc6b,ESMC-6B forward pass on UniProt sequence (layer 64 mean-pool)
emb_esmc6b_50,esmc6b,ESMC-6B forward pass on UniProt sequence (layer 64 mean-pool)
emb_esmc6b_51,esmc6b,ESMC-6B forward pass on UniProt sequence (layer 64 mean-pool)
emb_esmc6b_52,esmc6b,ESMC-6B forward pass on UniProt sequence (layer 64 mean-pool)
emb_esmc6b_53,esmc6b,ESMC-6B forward pass on UniProt sequence (layer 64 mean-pool)
emb_esmc6b_54,esmc6b,ESMC-6B forward pass on UniProt sequence (layer 64 mean-pool)
emb_esmc6b_55,esmc6b,ESMC-6B forward pass on UniProt sequence (layer 64 mean-pool)
emb_esmc6b_56,esmc6b,ESMC-6B forward pass on UniProt sequence (layer 64 mean-pool)
emb_esmc6b_57,esmc6b,ESMC-6B forward pass on UniProt sequence (layer 64 mean-pool)
emb_esmc6b_58,esmc6b,ESMC-6B forward pass on UniProt sequence (layer 64 mean-pool)
emb_esmc6b_59,esmc6b,ESMC-6B forward pass on UniProt sequence (layer 64 mean-pool)
emb_esmc6b_60,esmc6b,ESMC-6B forward pass on UniProt sequence (layer 64 mean-pool)
emb_esmc6b_61,esmc6b,ESMC-6B forward pass on UniProt sequence (layer 64 mean-pool)
emb_esmc6b_62,esmc6b,ESMC-6B forward pass on UniProt sequence (layer 64 mean-pool)
emb_esmc6b_63,esmc6b,ESMC-6B forward pass on UniProt sequence (layer 64 mean-pool)
emb_esmc6b_64,esmc6b,ESMC-6B forward pass on UniProt sequence (layer 64 mean-pool)
emb_esmc6b_65,esmc6b,ESMC-6B forward pass on UniProt sequence (layer 64 mean-pool)
emb_esmc6b_66,esmc6b,ESMC-6B forward pass on UniProt sequence (layer 64 mean-pool)
emb_esmc6b_67,esmc6b,ESMC-6B forward pass on UniProt sequence (layer 64 mean-pool)
emb_esmc6b_68,esmc6b,ESMC-6B forward pass on UniProt sequence (layer 64 mean-pool)
emb_esmc6b_69,esmc6b,ESMC-6B forward pass on UniProt sequence (layer 64 mean-pool)
emb_esmc6b_70,esmc6b,ESMC-6B forward pass on UniProt sequence (layer 64 mean-pool)
emb_esmc6b_71,esmc6b,ESMC-6B forward pass on UniProt sequence (layer 64 mean-pool)
emb_esmc6b_72,esmc6b,ESMC-6B forward pass on UniProt sequence (layer 64 mean-pool)
emb_esmc6b_73,esmc6b,ESMC-6B forward pass on UniProt sequence (layer 64 mean-pool)
emb_esmc6b_74,esmc6b,ESMC-6B forward pass on UniProt sequence (layer 64 mean-pool)
emb_esmc6b_75,esmc6b,ESMC-6B forward pass on UniProt sequence (layer 64 mean-pool)
emb_esmc6b_76,esmc6b,ESMC-6B forward pass on UniProt sequence (layer 64 mean-pool)
emb_esmc6b_77,esmc6b,ESMC-6B forward pass on UniProt sequence (layer 64 mean-pool)
emb_esmc6b_78,esmc6b,ESMC-6B forward pass on UniProt sequence (layer 64 mean-pool)
emb_esmc6b_79,esmc6b,ESMC-6B forward pass on UniProt sequence (layer 64 mean-pool)
emb_esmc6b_80,esmc6b,ESMC-6B forward pass on UniProt sequence (layer 64 mean-pool)
emb_esmc6b_81,esmc6b,ESMC-6B forward pass on UniProt sequence (layer 64 mean-pool)
emb_esmc6b_82,esmc6b,ESMC-6B forward pass on UniProt sequence (layer 64 mean-pool)
emb_esmc6b_83,esmc6b,ESMC-6B forward pass on UniProt sequence (layer 64 mean-pool)
emb_esmc6b_84,esmc6b,ESMC-6B forward pass on UniProt sequence (layer 64 mean-pool)
emb_esmc6b_85,esmc6b,ESMC-6B forward pass on UniProt sequence (layer 64 mean-pool)
emb_esmc6b_86,esmc6b,ESMC-6B forward pass on UniProt sequence (layer 64 mean-pool)
emb_esmc6b_87,esmc6b,ESMC-6B forward pass on UniProt sequence (layer 64 mean-pool)
emb_esmc6b_88,esmc6b,ESMC-6B forward pass on UniProt sequence (layer 64 mean-pool)
emb_esmc6b_89,esmc6b,ESMC-6B forward pass on UniProt sequence (layer 64 mean-pool)
emb_esmc6b_90,esmc6b,ESMC-6B forward pass on UniProt sequence (layer 64 mean-pool)
emb_esmc6b_91,esmc6b,ESMC-6B forward pass on UniProt sequence (layer 64 mean-pool)
emb_esmc6b_92,esmc6b,ESMC-6B forward pass on UniProt sequence (layer 64 mean-pool)
emb_esmc6b_93,esmc6b,ESMC-6B forward pass on UniProt sequence (layer 64 mean-pool)
emb_esmc6b_94,esmc6b,ESMC-6B forward pass on UniProt sequence (layer 64 mean-pool)
emb_esmc6b_95,esmc6b,ESMC-6B forward pass on UniProt sequence (layer 64 mean-pool)
emb_esmc6b_96,esmc6b,ESMC-6B forward pass on UniProt sequence (layer 64 mean-pool)
emb_esmc6b_97,esmc6b,ESMC-6B forward pass on UniProt sequence (layer 64 mean-pool)
emb_esmc6b_98,esmc6b,ESMC-6B forward pass on UniProt sequence (layer 64 mean-pool)
emb_esmc6b_99,esmc6b,ESMC-6B forward pass on UniProt sequence (layer 64 mean-pool)
emb_esmc6b_100,esmc6b,ESMC-6B forward pass on UniProt sequence (layer 64 mean-pool)
emb_esmc6b_101,esmc6b,ESMC-6B forward pass on UniProt sequence (layer 64 mean-pool)
emb_esmc6b_102,esmc6b,ESMC-6B forward pass on UniProt sequence (layer 64 mean-pool)
emb_esmc6b_103,esmc6b,ESMC-6B forward pass on UniProt sequence (layer 64 mean-pool)
emb_esmc6b_104,esmc6b,ESMC-6B forward pass on UniProt sequence (layer 64 mean-pool)
emb_esmc6b_105,esmc6b,ESMC-6B forward pass on UniProt sequence (layer 64 mean-pool)
emb_esmc6b_106,esmc6b,ESMC-6B forward pass on UniProt sequence (layer 64 mean-pool)
emb_esmc6b_107,esmc6b,ESMC-6B forward pass on UniProt sequence (layer 64 mean-pool)
emb_esmc6b_108,esmc6b,ESMC-6B forward pass on UniProt sequence (layer 64 mean-pool)
emb_esmc6b_109,esmc6b,ESMC-6B forward pass on UniProt sequence (layer 64 mean-pool)
emb_esmc6b_110,esmc6b,ESMC-6B forward pass on UniProt sequence (layer 64 mean-pool)
emb_esmc6b_111,esmc6b,ESMC-6B forward pass on UniProt sequence (layer 64 mean-pool)
emb_esmc6b_112,esmc6b,ESMC-6B forward pass on UniProt sequence (layer 64 mean-pool)
emb_esmc6b_113,esmc6b,ESMC-6B forward pass on UniProt sequence (layer 64 mean-pool)
emb_esmc6b_114,esmc6b,ESMC-6B forward pass on UniProt sequence (layer 64 mean-pool)
emb_esmc6b_115,esmc6b,ESMC-6B forward pass on UniProt sequence (layer 64 mean-pool)
emb_esmc6b_116,esmc6b,ESMC-6B forward pass on UniProt sequence (layer 64 mean-pool)
emb_esmc6b_117,esmc6b,ESMC-6B forward pass on UniProt sequence (layer 64 mean-pool)
emb_esmc6b_118,esmc6b,ESMC-6B forward pass on UniProt sequence (layer 64 mean-pool)
emb_esmc6b_119,esmc6b,ESMC-6B forward pass on UniProt sequence (layer 64 mean-pool)
emb_esmc6b_120,esmc6b,ESMC-6B forward pass on UniProt sequence (layer 64 mean-pool)
emb_esmc6b_121,esmc6b,ESMC-6B forward pass on UniProt sequence (layer 64 mean-pool)
emb_esmc6b_122,esmc6b,ESMC-6B forward pass on UniProt sequence (layer 64 mean-pool)
emb_esmc6b_123,esmc6b,ESMC-6B forward pass on UniProt sequence (layer 64 mean-pool)
emb_esmc6b_124,esmc6b,ESMC-6B forward pass on UniProt sequence (layer 64 mean-pool)
emb_esmc6b_125,esmc6b,ESMC-6B forward pass on UniProt sequence (layer 64 mean-pool)
emb_esmc6b_126,esmc6b,ESMC-6B forward pass on UniProt sequence (layer 64 mean-pool)
emb_esmc6b_127,esmc6b,ESMC-6B forward pass on UniProt sequence (layer 64 mean-pool)
emb_esmc6b_128,esmc6b,ESMC-6B forward pass on UniProt sequence (layer 64 mean-pool)
emb_esmc6b_129,esmc6b,ESMC-6B forward pass on UniProt sequence (layer 64 mean-pool)
emb_esmc6b_130,esmc6b,ESMC-6B forward pass on UniProt sequence (layer 64 mean-pool)
emb_esmc6b_131,esmc6b,ESMC-6B forward pass on UniProt sequence (layer 64 mean-pool)
emb_esmc6b_132,esmc6b,ESMC-6B forward pass on UniProt sequence (layer 64 mean-pool)
emb_esmc6b_133,esmc6b,ESMC-6B forward pass on UniProt sequence (layer 64 mean-pool)
emb_esmc6b_134,esmc6b,ESMC-6B forward pass on UniProt sequence (layer 64 mean-pool)
emb_esmc6b_135,esmc6b,ESMC-6B forward pass on UniProt sequence (layer 64 mean-pool)
emb_esmc6b_136,esmc6b,ESMC-6B forward pass on UniProt sequence (layer 64 mean-pool)
emb_esmc6b_137,esmc6b,ESMC-6B forward pass on UniProt sequence (layer 64 mean-pool)
emb_esmc6b_138,esmc6b,ESMC-6B forward pass on UniProt sequence (layer 64 mean-pool)
emb_esmc6b_139,esmc6b,ESMC-6B forward pass on UniProt sequence (layer 64 mean-pool)
emb_esmc6b_140,esmc6b,ESMC-6B forward pass on UniProt sequence (layer 64 mean-pool)
emb_esmc6b_141,esmc6b,ESMC-6B forward pass on UniProt sequence (layer 64 mean-pool)
emb_esmc6b_142,esmc6b,ESMC-6B forward pass on UniProt sequence (layer 64 mean-pool)
emb_esmc6b_143,esmc6b,ESMC-6B forward pass on UniProt sequence (layer 64 mean-pool)
emb_esmc6b_144,esmc6b,ESMC-6B forward pass on UniProt sequence (layer 64 mean-pool)
emb_esmc6b_145,esmc6b,ESMC-6B forward pass on UniProt sequence (layer 64 mean-pool)
emb_esmc6b_146,esmc6b,ESMC-6B forward pass on UniProt sequence (layer 64 mean-pool)
emb_esmc6b_147,esmc6b,ESMC-6B forward pass on UniProt sequence (layer 64 mean-pool)
emb_esmc6b_148,esmc6b,ESMC-6B forward pass on UniProt sequence (layer 64 mean-pool)
emb_esmc6b_149,esmc6b,ESMC-6B forward pass on UniProt sequence (layer 64 mean-pool)
emb_esmc6b_150,esmc6b,ESMC-6B forward pass on UniProt sequence (layer 64 mean-pool)
emb_esmc6b_151,esmc6b,ESMC-6B forward pass on UniProt sequence (layer 64 mean-pool)
emb_esmc6b_152,esmc6b,ESMC-6B forward pass on UniProt sequence (layer 64 mean-pool)
emb_esmc6b_153,esmc6b,ESMC-6B forward pass on UniProt sequence (layer 64 mean-pool)
emb_esmc6b_154,esmc6b,ESMC-6B forward pass on UniProt sequence (layer 64 mean-pool)
emb_esmc6b_155,esmc6b,ESMC-6B forward pass on UniProt sequence (layer 64 mean-pool)
emb_esmc6b_156,esmc6b,ESMC-6B forward pass on UniProt sequence (layer 64 mean-pool)
emb_esmc6b_157,esmc6b,ESMC-6B forward pass on UniProt sequence (layer 64 mean-pool)
emb_esmc6b_158,esmc6b,ESMC-6B forward pass on UniProt sequence (layer 64 mean-pool)
emb_esmc6b_159,esmc6b,ESMC-6B forward pass on UniProt sequence (layer 64 mean-pool)
emb_esmc6b_160,esmc6b,ESMC-6B forward pass on UniProt sequence (layer 64 mean-pool)
emb_esmc6b_161,esmc6b,ESMC-6B forward pass on UniProt sequence (layer 64 mean-pool)
emb_esmc6b_162,esmc6b,ESMC-6B forward pass on UniProt sequence (layer 64 mean-pool)
emb_esmc6b_163,esmc6b,ESMC-6B forward pass on UniProt sequence (layer 64 mean-pool)
emb_esmc6b_164,esmc6b,ESMC-6B forward pass on UniProt sequence (layer 64 mean-pool)
emb_esmc6b_165,esmc6b,ESMC-6B forward pass on UniProt sequence (layer 64 mean-pool)
emb_esmc6b_166,esmc6b,ESMC-6B forward pass on UniProt sequence (layer 64 mean-pool)
emb_esmc6b_167,esmc6b,ESMC-6B forward pass on UniProt sequence (layer 64 mean-pool)
emb_esmc6b_168,esmc6b,ESMC-6B forward pass on UniProt sequence (layer 64 mean-pool)
emb_esmc6b_169,esmc6b,ESMC-6B forward pass on UniProt sequence (layer 64 mean-pool)
emb_esmc6b_170,esmc6b,ESMC-6B forward pass on UniProt sequence (layer 64 mean-pool)
emb_esmc6b_171,esmc6b,ESMC-6B forward pass on UniProt sequence (layer 64 mean-pool)
emb_esmc6b_172,esmc6b,ESMC-6B forward pass on UniProt sequence (layer 64 mean-pool)
emb_esmc6b_173,esmc6b,ESMC-6B forward pass on UniProt sequence (layer 64 mean-pool)
emb_esmc6b_174,esmc6b,ESMC-6B forward pass on UniProt sequence (layer 64 mean-pool)
emb_esmc6b_175,esmc6b,ESMC-6B forward pass on UniProt sequence (layer 64 mean-pool)
emb_esmc6b_176,esmc6b,ESMC-6B forward pass on UniProt sequence (layer 64 mean-pool)
emb_esmc6b_177,esmc6b,ESMC-6B forward pass on UniProt sequence (layer 64 mean-pool)
emb_esmc6b_178,esmc6b,ESMC-6B forward pass on UniProt sequence (layer 64 mean-pool)
emb_esmc6b_179,esmc6b,ESMC-6B forward pass on UniProt sequence (layer 64 mean-pool)
emb_esmc6b_180,esmc6b,ESMC-6B forward pass on UniProt sequence (layer 64 mean-pool)
emb_esmc6b_181,esmc6b,ESMC-6B forward pass on UniProt sequence (layer 64 mean-pool)
emb_esmc6b_182,esmc6b,ESMC-6B forward pass on UniProt sequence (layer 64 mean-pool)
emb_esmc6b_183,esmc6b,ESMC-6B forward pass on UniProt sequence (layer 64 mean-pool)
emb_esmc6b_184,esmc6b,ESMC-6B forward pass on UniProt sequence (layer 64 mean-pool)
emb_esmc6b_185,esmc6b,ESMC-6B forward pass on UniProt sequence (layer 64 mean-pool)
emb_esmc6b_186,esmc6b,ESMC-6B forward pass on UniProt sequence (layer 64 mean-pool)
emb_esmc6b_187,esmc6b,ESMC-6B forward pass on UniProt sequence (layer 64 mean-pool)
emb_esmc6b_188,esmc6b,ESMC-6B forward pass on UniProt sequence (layer 64 mean-pool)
emb_esmc6b_189,esmc6b,ESMC-6B forward pass on UniProt sequence (layer 64 mean-pool)
emb_esmc6b_190,esmc6b,ESMC-6B forward pass on UniProt sequence (layer 64 mean-pool)
emb_esmc6b_191,esmc6b,ESMC-6B forward pass on UniProt sequence (layer 64 mean-pool)
emb_esmc6b_192,esmc6b,ESMC-6B forward pass on UniProt sequence (layer 64 mean-pool)
emb_esmc6b_193,esmc6b,ESMC-6B forward pass on UniProt sequence (layer 64 mean-pool)
emb_esmc6b_194,esmc6b,ESMC-6B forward pass on UniProt sequence (layer 64 mean-pool)
emb_esmc6b_195,esmc6b,ESMC-6B forward pass on UniProt sequence (layer 64 mean-pool)
emb_esmc6b_196,esmc6b,ESMC-6B forward pass on UniProt sequence (layer 64 mean-pool)
emb_esmc6b_197,esmc6b,ESMC-6B forward pass on UniProt sequence (layer 64 mean-pool)
emb_esmc6b_198,esmc6b,ESMC-6B forward pass on UniProt sequence (layer 64 mean-pool)
emb_esmc6b_199,esmc6b,ESMC-6B forward pass on UniProt sequence (layer 64 mean-pool)
emb_esmc6b_200,esmc6b,ESMC-6B forward pass on UniProt sequence (layer 64 mean-pool)
emb_esmc6b_201,esmc6b,ESMC-6B forward pass on UniProt sequence (layer 64 mean-pool)
emb_esmc6b_202,esmc6b,ESMC-6B forward pass on UniProt sequence (layer 64 mean-pool)
emb_esmc6b_203,esmc6b,ESMC-6B forward pass on UniProt sequence (layer 64 mean-pool)
emb_esmc6b_204,esmc6b,ESMC-6B forward pass on UniProt sequence (layer 64 mean-pool)
emb_esmc6b_205,esmc6b,ESMC-6B forward pass on UniProt sequence (layer 64 mean-pool)
emb_esmc6b_206,esmc6b,ESMC-6B forward pass on UniProt sequence (layer 64 mean-pool)
emb_esmc6b_207,esmc6b,ESMC-6B forward pass on UniProt sequence (layer 64 mean-pool)
emb_esmc6b_208,esmc6b,ESMC-6B forward pass on UniProt sequence (layer 64 mean-pool)
emb_esmc6b_209,esmc6b,ESMC-6B forward pass on UniProt sequence (layer 64 mean-pool)
emb_esmc6b_210,esmc6b,ESMC-6B forward pass on UniProt sequence (layer 64 mean-pool)
emb_esmc6b_211,esmc6b,ESMC-6B forward pass on UniProt sequence (layer 64 mean-pool)
emb_esmc6b_212,esmc6b,ESMC-6B forward pass on UniProt sequence (layer 64 mean-pool)
emb_esmc6b_213,esmc6b,ESMC-6B forward pass on UniProt sequence (layer 64 mean-pool)
emb_esmc6b_214,esmc6b,ESMC-6B forward pass on UniProt sequence (layer 64 mean-pool)
emb_esmc6b_215,esmc6b,ESMC-6B forward pass on UniProt sequence (layer 64 mean-pool)
emb_esmc6b_216,esmc6b,ESMC-6B forward pass on UniProt sequence (layer 64 mean-pool)
emb_esmc6b_217,esmc6b,ESMC-6B forward pass on UniProt sequence (layer 64 mean-pool)
emb_esmc6b_218,esmc6b,ESMC-6B forward pass on UniProt sequence (layer 64 mean-pool)
emb_esmc6b_219,esmc6b,ESMC-6B forward pass on UniProt sequence (layer 64 mean-pool)
emb_esmc6b_220,esmc6b,ESMC-6B forward pass on UniProt sequence (layer 64 mean-pool)
emb_esmc6b_221,esmc6b,ESMC-6B forward pass on UniProt sequence (layer 64 mean-pool)
emb_esmc6b_222,esmc6b,ESMC-6B forward pass on UniProt sequence (layer 64 mean-pool)
emb_esmc6b_223,esmc6b,ESMC-6B forward pass on UniProt sequence (layer 64 mean-pool)
emb_esmc6b_224,esmc6b,ESMC-6B forward pass on UniProt sequence (layer 64 mean-pool)
emb_esmc6b_225,esmc6b,ESMC-6B forward pass on UniProt sequence (layer 64 mean-pool)
emb_esmc6b_226,esmc6b,ESMC-6B forward pass on UniProt sequence (layer 64 mean-pool)
emb_esmc6b_227,esmc6b,ESMC-6B forward pass on UniProt sequence (layer 64 mean-pool)
emb_esmc6b_228,esmc6b,ESMC-6B forward pass on UniProt sequence (layer 64 mean-pool)
emb_esmc6b_229,esmc6b,ESMC-6B forward pass on UniProt sequence (layer 64 mean-pool)
emb_esmc6b_230,esmc6b,ESMC-6B forward pass on UniProt sequence (layer 64 mean-pool)
emb_esmc6b_231,esmc6b,ESMC-6B forward pass on UniProt sequence (layer 64 mean-pool)
emb_esmc6b_232,esmc6b,ESMC-6B forward pass on UniProt sequence (layer 64 mean-pool)
emb_esmc6b_233,esmc6b,ESMC-6B forward pass on UniProt sequence (layer 64 mean-pool)
emb_esmc6b_234,esmc6b,ESMC-6B forward pass on UniProt sequence (layer 64 mean-pool)
emb_esmc6b_235,esmc6b,ESMC-6B forward pass on UniProt sequence (layer 64 mean-pool)
emb_esmc6b_236,esmc6b,ESMC-6B forward pass on UniProt sequence (layer 64 mean-pool)
emb_esmc6b_237,esmc6b,ESMC-6B forward pass on UniProt sequence (layer 64 mean-pool)
emb_esmc6b_238,esmc6b,ESMC-6B forward pass on UniProt sequence (layer 64 mean-pool)
emb_esmc6b_239,esmc6b,ESMC-6B forward pass on UniProt sequence (layer 64 mean-pool)
emb_esmc6b_240,esmc6b,ESMC-6B forward pass on UniProt sequence (layer 64 mean-pool)
emb_esmc6b_241,esmc6b,ESMC-6B forward pass on UniProt sequence (layer 64 mean-pool)
emb_esmc6b_242,esmc6b,ESMC-6B forward pass on UniProt sequence (layer 64 mean-pool)
emb_esmc6b_243,esmc6b,ESMC-6B forward pass on UniProt sequence (layer 64 mean-pool)
emb_esmc6b_244,esmc6b,ESMC-6B forward pass on UniProt sequence (layer 64 mean-pool)
emb_esmc6b_245,esmc6b,ESMC-6B forward pass on UniProt sequence (layer 64 mean-pool)
emb_esmc6b_246,esmc6b,ESMC-6B forward pass on UniProt sequence (layer 64 mean-pool)
emb_esmc6b_247,esmc6b,ESMC-6B forward pass on UniProt sequence (layer 64 mean-pool)
emb_esmc6b_248,esmc6b,ESMC-6B forward pass on UniProt sequence (layer 64 mean-pool)
emb_esmc6b_249,esmc6b,ESMC-6B forward pass on UniProt sequence (layer 64 mean-pool)
emb_esmc6b_250,esmc6b,ESMC-6B forward pass on UniProt sequence (layer 64 mean-pool)
emb_esmc6b_251,esmc6b,ESMC-6B forward pass on UniProt sequence (layer 64 mean-pool)
emb_esmc6b_252,esmc6b,ESMC-6B forward pass on UniProt sequence (layer 64 mean-pool)
emb_esmc6b_253,esmc6b,ESMC-6B forward pass on UniProt sequence (layer 64 mean-pool)
emb_esmc6b_254,esmc6b,ESMC-6B forward pass on UniProt sequence (layer 64 mean-pool)
emb_esmc6b_255,esmc6b,ESMC-6B forward pass on UniProt sequence (layer 64 mean-pool)
emb_esmc6b_256,esmc6b,ESMC-6B forward pass on UniProt sequence (layer 64 mean-pool)
emb_esmc6b_257,esmc6b,ESMC-6B forward pass on UniProt sequence (layer 64 mean-pool)
emb_esmc6b_258,esmc6b,ESMC-6B forward pass on UniProt sequence (layer 64 mean-pool)
emb_esmc6b_259,esmc6b,ESMC-6B forward pass on UniProt sequence (layer 64 mean-pool)
emb_esmc6b_260,esmc6b,ESMC-6B forward pass on UniProt sequence (layer 64 mean-pool)
emb_esmc6b_261,esmc6b,ESMC-6B forward pass on UniProt sequence (layer 64 mean-pool)
emb_esmc6b_262,esmc6b,ESMC-6B forward pass on UniProt sequence (layer 64 mean-pool)
emb_esmc6b_263,esmc6b,ESMC-6B forward pass on UniProt sequence (layer 64 mean-pool)
emb_esmc6b_264,esmc6b,ESMC-6B forward pass on UniProt sequence (layer 64 mean-pool)
emb_esmc6b_265,esmc6b,ESMC-6B forward pass on UniProt sequence (layer 64 mean-pool)
emb_esmc6b_266,esmc6b,ESMC-6B forward pass on UniProt sequence (layer 64 mean-pool)
emb_esmc6b_267,esmc6b,ESMC-6B forward pass on UniProt sequence (layer 64 mean-pool)
emb_esmc6b_268,esmc6b,ESMC-6B forward pass on UniProt sequence (layer 64 mean-pool)
emb_esmc6b_269,esmc6b,ESMC-6B forward pass on UniProt sequence (layer 64 mean-pool)
emb_esmc6b_270,esmc6b,ESMC-6B forward pass on UniProt sequence (layer 64 mean-pool)
emb_esmc6b_271,esmc6b,ESMC-6B forward pass on UniProt sequence (layer 64 mean-pool)
emb_esmc6b_272,esmc6b,ESMC-6B forward pass on UniProt sequence (layer 64 mean-pool)
emb_esmc6b_273,esmc6b,ESMC-6B forward pass on UniProt sequence (layer 64 mean-pool)
emb_esmc6b_274,esmc6b,ESMC-6B forward pass on UniProt sequence (layer 64 mean-pool)
emb_esmc6b_275,esmc6b,ESMC-6B forward pass on UniProt sequence (layer 64 mean-pool)
emb_esmc6b_276,esmc6b,ESMC-6B forward pass on UniProt sequence (layer 64 mean-pool)
emb_esmc6b_277,esmc6b,ESMC-6B forward pass on UniProt sequence (layer 64 mean-pool)
emb_esmc6b_278,esmc6b,ESMC-6B forward pass on UniProt sequence (layer 64 mean-pool)
emb_esmc6b_279,esmc6b,ESMC-6B forward pass on UniProt sequence (layer 64 mean-pool)
emb_esmc6b_280,esmc6b,ESMC-6B forward pass on UniProt sequence (layer 64 mean-pool)
emb_esmc6b_281,esmc6b,ESMC-6B forward pass on UniProt sequence (layer 64 mean-pool)
emb_esmc6b_282,esmc6b,ESMC-6B forward pass on UniProt sequence (layer 64 mean-pool)
emb_esmc6b_283,esmc6b,ESMC-6B forward pass on UniProt sequence (layer 64 mean-pool)
emb_esmc6b_284,esmc6b,ESMC-6B forward pass on UniProt sequence (layer 64 mean-pool)
emb_esmc6b_285,esmc6b,ESMC-6B forward pass on UniProt sequence (layer 64 mean-pool)
emb_esmc6b_286,esmc6b,ESMC-6B forward pass on UniProt sequence (layer 64 mean-pool)
emb_esmc6b_287,esmc6b,ESMC-6B forward pass on UniProt sequence (layer 64 mean-pool)
emb_esmc6b_288,esmc6b,ESMC-6B forward pass on UniProt sequence (layer 64 mean-pool)
emb_esmc6b_289,esmc6b,ESMC-6B forward pass on UniProt sequence (layer 64 mean-pool)
emb_esmc6b_290,esmc6b,ESMC-6B forward pass on UniProt sequence (layer 64 mean-pool)
emb_esmc6b_291,esmc6b,ESMC-6B forward pass on UniProt sequence (layer 64 mean-pool)
emb_esmc6b_292,esmc6b,ESMC-6B forward pass on UniProt sequence (layer 64 mean-pool)
emb_esmc6b_293,esmc6b,ESMC-6B forward pass on UniProt sequence (layer 64 mean-pool)
emb_esmc6b_294,esmc6b,ESMC-6B forward pass on UniProt sequence (layer 64 mean-pool)
emb_esmc6b_295,esmc6b,ESMC-6B forward pass on UniProt sequence (layer 64 mean-pool)
emb_esmc6b_296,esmc6b,ESMC-6B forward pass on UniProt sequence (layer 64 mean-pool)
emb_esmc6b_297,esmc6b,ESMC-6B forward pass on UniProt sequence (layer 64 mean-pool)
emb_esmc6b_298,esmc6b,ESMC-6B forward pass on UniProt sequence (layer 64 mean-pool)
emb_esmc6b_299,esmc6b,ESMC-6B forward pass on UniProt sequence (layer 64 mean-pool)
emb_esmc6b_300,esmc6b,ESMC-6B forward pass on UniProt sequence (layer 64 mean-pool)
emb_esmc6b_301,esmc6b,ESMC-6B forward pass on UniProt sequence (layer 64 mean-pool)
emb_esmc6b_302,esmc6b,ESMC-6B forward pass on UniProt sequence (layer 64 mean-pool)
emb_esmc6b_303,esmc6b,ESMC-6B forward pass on UniProt sequence (layer 64 mean-pool)
emb_esmc6b_304,esmc6b,ESMC-6B forward pass on UniProt sequence (layer 64 mean-pool)
emb_esmc6b_305,esmc6b,ESMC-6B forward pass on UniProt sequence (layer 64 mean-pool)
emb_esmc6b_306,esmc6b,ESMC-6B forward pass on UniProt sequence (layer 64 mean-pool)
emb_esmc6b_307,esmc6b,ESMC-6B forward pass on UniProt sequence (layer 64 mean-pool)
emb_esmc6b_308,esmc6b,ESMC-6B forward pass on UniProt sequence (layer 64 mean-pool)
emb_esmc6b_309,esmc6b,ESMC-6B forward pass on UniProt sequence (layer 64 mean-pool)
emb_esmc6b_310,esmc6b,ESMC-6B forward pass on UniProt sequence (layer 64 mean-pool)
emb_esmc6b_311,esmc6b,ESMC-6B forward pass on UniProt sequence (layer 64 mean-pool)
emb_esmc6b_312,esmc6b,ESMC-6B forward pass on UniProt sequence (layer 64 mean-pool)
emb_esmc6b_313,esmc6b,ESMC-6B forward pass on UniProt sequence (layer 64 mean-pool)
emb_esmc6b_314,esmc6b,ESMC-6B forward pass on UniProt sequence (layer 64 mean-pool)
emb_esmc6b_315,esmc6b,ESMC-6B forward pass on UniProt sequence (layer 64 mean-pool)
emb_esmc6b_316,esmc6b,ESMC-6B forward pass on UniProt sequence (layer 64 mean-pool)
emb_esmc6b_317,esmc6b,ESMC-6B forward pass on UniProt sequence (layer 64 mean-pool)
emb_esmc6b_318,esmc6b,ESMC-6B forward pass on UniProt sequence (layer 64 mean-pool)
emb_esmc6b_319,esmc6b,ESMC-6B forward pass on UniProt sequence (layer 64 mean-pool)
emb_esmc6b_320,esmc6b,ESMC-6B forward pass on UniProt sequence (layer 64 mean-pool)
emb_esmc6b_321,esmc6b,ESMC-6B forward pass on UniProt sequence (layer 64 mean-pool)
emb_esmc6b_322,esmc6b,ESMC-6B forward pass on UniProt sequence (layer 64 mean-pool)
emb_esmc6b_323,esmc6b,ESMC-6B forward pass on UniProt sequence (layer 64 mean-pool)
emb_esmc6b_324,esmc6b,ESMC-6B forward pass on UniProt sequence (layer 64 mean-pool)
emb_esmc6b_325,esmc6b,ESMC-6B forward pass on UniProt sequence (layer 64 mean-pool)
emb_esmc6b_326,esmc6b,ESMC-6B forward pass on UniProt sequence (layer 64 mean-pool)
emb_esmc6b_327,esmc6b,ESMC-6B forward pass on UniProt sequence (layer 64 mean-pool)
emb_esmc6b_328,esmc6b,ESMC-6B forward pass on UniProt sequence (layer 64 mean-pool)
emb_esmc6b_329,esmc6b,ESMC-6B forward pass on UniProt sequence (layer 64 mean-pool)
emb_esmc6b_330,esmc6b,ESMC-6B forward pass on UniProt sequence (layer 64 mean-pool)
emb_esmc6b_331,esmc6b,ESMC-6B forward pass on UniProt sequence (layer 64 mean-pool)
emb_esmc6b_332,esmc6b,ESMC-6B forward pass on UniProt sequence (layer 64 mean-pool)
emb_esmc6b_333,esmc6b,ESMC-6B forward pass on UniProt sequence (layer 64 mean-pool)
emb_esmc6b_334,esmc6b,ESMC-6B forward pass on UniProt sequence (layer 64 mean-pool)
emb_esmc6b_335,esmc6b,ESMC-6B forward pass on UniProt sequence (layer 64 mean-pool)
emb_esmc6b_336,esmc6b,ESMC-6B forward pass on UniProt sequence (layer 64 mean-pool)
emb_esmc6b_337,esmc6b,ESMC-6B forward pass on UniProt sequence (layer 64 mean-pool)
emb_esmc6b_338,esmc6b,ESMC-6B forward pass on UniProt sequence (layer 64 mean-pool)
emb_esmc6b_339,esmc6b,ESMC-6B forward pass on UniProt sequence (layer 64 mean-pool)
emb_esmc6b_340,esmc6b,ESMC-6B forward pass on UniProt sequence (layer 64 mean-pool)
emb_esmc6b_341,esmc6b,ESMC-6B forward pass on UniProt sequence (layer 64 mean-pool)
emb_esmc6b_342,esmc6b,ESMC-6B forward pass on UniProt sequence (layer 64 mean-pool)
emb_esmc6b_343,esmc6b,ESMC-6B forward pass on UniProt sequence (layer 64 mean-pool)
emb_esmc6b_344,esmc6b,ESMC-6B forward pass on UniProt sequence (layer 64 mean-pool)
emb_esmc6b_345,esmc6b,ESMC-6B forward pass on UniProt sequence (layer 64 mean-pool)
emb_esmc6b_346,esmc6b,ESMC-6B forward pass on UniProt sequence (layer 64 mean-pool)
emb_esmc6b_347,esmc6b,ESMC-6B forward pass on UniProt sequence (layer 64 mean-pool)
emb_esmc6b_348,esmc6b,ESMC-6B forward pass on UniProt sequence (layer 64 mean-pool)
emb_esmc6b_349,esmc6b,ESMC-6B forward pass on UniProt sequence (layer 64 mean-pool)
emb_esmc6b_350,esmc6b,ESMC-6B forward pass on UniProt sequence (layer 64 mean-pool)
emb_esmc6b_351,esmc6b,ESMC-6B forward pass on UniProt sequence (layer 64 mean-pool)
emb_esmc6b_352,esmc6b,ESMC-6B forward pass on UniProt sequence (layer 64 mean-pool)
emb_esmc6b_353,esmc6b,ESMC-6B forward pass on UniProt sequence (layer 64 mean-pool)
emb_esmc6b_354,esmc6b,ESMC-6B forward pass on UniProt sequence (layer 64 mean-pool)
emb_esmc6b_355,esmc6b,ESMC-6B forward pass on UniProt sequence (layer 64 mean-pool)
emb_esmc6b_356,esmc6b,ESMC-6B forward pass on UniProt sequence (layer 64 mean-pool)
emb_esmc6b_357,esmc6b,ESMC-6B forward pass on UniProt sequence (layer 64 mean-pool)
emb_esmc6b_358,esmc6b,ESMC-6B forward pass on UniProt sequence (layer 64 mean-pool)
emb_esmc6b_359,esmc6b,ESMC-6B forward pass on UniProt sequence (layer 64 mean-pool)
emb_esmc6b_360,esmc6b,ESMC-6B forward pass on UniProt sequence (layer 64 mean-pool)
emb_esmc6b_361,esmc6b,ESMC-6B forward pass on UniProt sequence (layer 64 mean-pool)
emb_esmc6b_362,esmc6b,ESMC-6B forward pass on UniProt sequence (layer 64 mean-pool)
emb_esmc6b_363,esmc6b,ESMC-6B forward pass on UniProt sequence (layer 64 mean-pool)
emb_esmc6b_364,esmc6b,ESMC-6B forward pass on UniProt sequence (layer 64 mean-pool)
emb_esmc6b_365,esmc6b,ESMC-6B forward pass on UniProt sequence (layer 64 mean-pool)
emb_esmc6b_366,esmc6b,ESMC-6B forward pass on UniProt sequence (layer 64 mean-pool)
emb_esmc6b_367,esmc6b,ESMC-6B forward pass on UniProt sequence (layer 64 mean-pool)
emb_esmc6b_368,esmc6b,ESMC-6B forward pass on UniProt sequence (layer 64 mean-pool)
emb_esmc6b_369,esmc6b,ESMC-6B forward pass on UniProt sequence (layer 64 mean-pool)
emb_esmc6b_370,esmc6b,ESMC-6B forward pass on UniProt sequence (layer 64 mean-pool)
emb_esmc6b_371,esmc6b,ESMC-6B forward pass on UniProt sequence (layer 64 mean-pool)
emb_esmc6b_372,esmc6b,ESMC-6B forward pass on UniProt sequence (layer 64 mean-pool)
emb_esmc6b_373,esmc6b,ESMC-6B forward pass on UniProt sequence (layer 64 mean-pool)
emb_esmc6b_374,esmc6b,ESMC-6B forward pass on UniProt sequence (layer 64 mean-pool)
emb_esmc6b_375,esmc6b,ESMC-6B forward pass on UniProt sequence (layer 64 mean-pool)
emb_esmc6b_376,esmc6b,ESMC-6B forward pass on UniProt sequence (layer 64 mean-pool)
emb_esmc6b_377,esmc6b,ESMC-6B forward pass on UniProt sequence (layer 64 mean-pool)
emb_esmc6b_378,esmc6b,ESMC-6B forward pass on UniProt sequence (layer 64 mean-pool)
emb_esmc6b_379,esmc6b,ESMC-6B forward pass on UniProt sequence (layer 64 mean-pool)
emb_esmc6b_380,esmc6b,ESMC-6B forward pass on UniProt sequence (layer 64 mean-pool)
emb_esmc6b_381,esmc6b,ESMC-6B forward pass on UniProt sequence (layer 64 mean-pool)
emb_esmc6b_382,esmc6b,ESMC-6B forward pass on UniProt sequence (layer 64 mean-pool)
emb_esmc6b_383,esmc6b,ESMC-6B forward pass on UniProt sequence (layer 64 mean-pool)
emb_esmc6b_384,esmc6b,ESMC-6B forward pass on UniProt sequence (layer 64 mean-pool)
emb_esmc6b_385,esmc6b,ESMC-6B forward pass on UniProt sequence (layer 64 mean-pool)
emb_esmc6b_386,esmc6b,ESMC-6B forward pass on UniProt sequence (layer 64 mean-pool)
emb_esmc6b_387,esmc6b,ESMC-6B forward pass on UniProt sequence (layer 64 mean-pool)
emb_esmc6b_388,esmc6b,ESMC-6B forward pass on UniProt sequence (layer 64 mean-pool)
emb_esmc6b_389,esmc6b,ESMC-6B forward pass on UniProt sequence (layer 64 mean-pool)
emb_esmc6b_390,esmc6b,ESMC-6B forward pass on UniProt sequence (layer 64 mean-pool)
emb_esmc6b_391,esmc6b,ESMC-6B forward pass on UniProt sequence (layer 64 mean-pool)
emb_esmc6b_392,esmc6b,ESMC-6B forward pass on UniProt sequence (layer 64 mean-pool)
emb_esmc6b_393,esmc6b,ESMC-6B forward pass on UniProt sequence (layer 64 mean-pool)
emb_esmc6b_394,esmc6b,ESMC-6B forward pass on UniProt sequence (layer 64 mean-pool)
emb_esmc6b_395,esmc6b,ESMC-6B forward pass on UniProt sequence (layer 64 mean-pool)
emb_esmc6b_396,esmc6b,ESMC-6B forward pass on UniProt sequence (layer 64 mean-pool)
emb_esmc6b_397,esmc6b,ESMC-6B forward pass on UniProt sequence (layer 64 mean-pool)
emb_esmc6b_398,esmc6b,ESMC-6B forward pass on UniProt sequence (layer 64 mean-pool)
emb_esmc6b_399,esmc6b,ESMC-6B forward pass on UniProt sequence (layer 64 mean-pool)
emb_esmc6b_400,esmc6b,ESMC-6B forward pass on UniProt sequence (layer 64 mean-pool)
emb_esmc6b_401,esmc6b,ESMC-6B forward pass on UniProt sequence (layer 64 mean-pool)
emb_esmc6b_402,esmc6b,ESMC-6B forward pass on UniProt sequence (layer 64 mean-pool)
emb_esmc6b_403,esmc6b,ESMC-6B forward pass on UniProt sequence (layer 64 mean-pool)
emb_esmc6b_404,esmc6b,ESMC-6B forward pass on UniProt sequence (layer 64 mean-pool)
emb_esmc6b_405,esmc6b,ESMC-6B forward pass on UniProt sequence (layer 64 mean-pool)
emb_esmc6b_406,esmc6b,ESMC-6B forward pass on UniProt sequence (layer 64 mean-pool)
emb_esmc6b_407,esmc6b,ESMC-6B forward pass on UniProt sequence (layer 64 mean-pool)
emb_esmc6b_408,esmc6b,ESMC-6B forward pass on UniProt sequence (layer 64 mean-pool)
emb_esmc6b_409,esmc6b,ESMC-6B forward pass on UniProt sequence (layer 64 mean-pool)
emb_esmc6b_410,esmc6b,ESMC-6B forward pass on UniProt sequence (layer 64 mean-pool)
emb_esmc6b_411,esmc6b,ESMC-6B forward pass on UniProt sequence (layer 64 mean-pool)
emb_esmc6b_412,esmc6b,ESMC-6B forward pass on UniProt sequence (layer 64 mean-pool)
emb_esmc6b_413,esmc6b,ESMC-6B forward pass on UniProt sequence (layer 64 mean-pool)
emb_esmc6b_414,esmc6b,ESMC-6B forward pass on UniProt sequence (layer 64 mean-pool)
emb_esmc6b_415,esmc6b,ESMC-6B forward pass on UniProt sequence (layer 64 mean-pool)
emb_esmc6b_416,esmc6b,ESMC-6B forward pass on UniProt sequence (layer 64 mean-pool)
emb_esmc6b_417,esmc6b,ESMC-6B forward pass on UniProt sequence (layer 64 mean-pool)
emb_esmc6b_418,esmc6b,ESMC-6B forward pass on UniProt sequence (layer 64 mean-pool)
emb_esmc6b_419,esmc6b,ESMC-6B forward pass on UniProt sequence (layer 64 mean-pool)
emb_esmc6b_420,esmc6b,ESMC-6B forward pass on UniProt sequence (layer 64 mean-pool)
emb_esmc6b_421,esmc6b,ESMC-6B forward pass on UniProt sequence (layer 64 mean-pool)
emb_esmc6b_422,esmc6b,ESMC-6B forward pass on UniProt sequence (layer 64 mean-pool)
emb_esmc6b_423,esmc6b,ESMC-6B forward pass on UniProt sequence (layer 64 mean-pool)
emb_esmc6b_424,esmc6b,ESMC-6B forward pass on UniProt sequence (layer 64 mean-pool)
emb_esmc6b_425,esmc6b,ESMC-6B forward pass on UniProt sequence (layer 64 mean-pool)
emb_esmc6b_426,esmc6b,ESMC-6B forward pass on UniProt sequence (layer 64 mean-pool)
emb_esmc6b_427,esmc6b,ESMC-6B forward pass on UniProt sequence (layer 64 mean-pool)
emb_esmc6b_428,esmc6b,ESMC-6B forward pass on UniProt sequence (layer 64 mean-pool)
emb_esmc6b_429,esmc6b,ESMC-6B forward pass on UniProt sequence (layer 64 mean-pool)
emb_esmc6b_430,esmc6b,ESMC-6B forward pass on UniProt sequence (layer 64 mean-pool)
emb_esmc6b_431,esmc6b,ESMC-6B forward pass on UniProt sequence (layer 64 mean-pool)
emb_esmc6b_432,esmc6b,ESMC-6B forward pass on UniProt sequence (layer 64 mean-pool)
emb_esmc6b_433,esmc6b,ESMC-6B forward pass on UniProt sequence (layer 64 mean-pool)
emb_esmc6b_434,esmc6b,ESMC-6B forward pass on UniProt sequence (layer 64 mean-pool)
emb_esmc6b_435,esmc6b,ESMC-6B forward pass on UniProt sequence (layer 64 mean-pool)
emb_esmc6b_436,esmc6b,ESMC-6B forward pass on UniProt sequence (layer 64 mean-pool)
emb_esmc6b_437,esmc6b,ESMC-6B forward pass on UniProt sequence (layer 64 mean-pool)
emb_esmc6b_438,esmc6b,ESMC-6B forward pass on UniProt sequence (layer 64 mean-pool)
emb_esmc6b_439,esmc6b,ESMC-6B forward pass on UniProt sequence (layer 64 mean-pool)
emb_esmc6b_440,esmc6b,ESMC-6B forward pass on UniProt sequence (layer 64 mean-pool)
emb_esmc6b_441,esmc6b,ESMC-6B forward pass on UniProt sequence (layer 64 mean-pool)
emb_esmc6b_442,esmc6b,ESMC-6B forward pass on UniProt sequence (layer 64 mean-pool)
emb_esmc6b_443,esmc6b,ESMC-6B forward pass on UniProt sequence (layer 64 mean-pool)
emb_esmc6b_444,esmc6b,ESMC-6B forward pass on UniProt sequence (layer 64 mean-pool)
emb_esmc6b_445,esmc6b,ESMC-6B forward pass on UniProt sequence (layer 64 mean-pool)
emb_esmc6b_446,esmc6b,ESMC-6B forward pass on UniProt sequence (layer 64 mean-pool)
emb_esmc6b_447,esmc6b,ESMC-6B forward pass on UniProt sequence (layer 64 mean-pool)
emb_esmc6b_448,esmc6b,ESMC-6B forward pass on UniProt sequence (layer 64 mean-pool)
emb_esmc6b_449,esmc6b,ESMC-6B forward pass on UniProt sequence (layer 64 mean-pool)
emb_esmc6b_450,esmc6b,ESMC-6B forward pass on UniProt sequence (layer 64 mean-pool)
emb_esmc6b_451,esmc6b,ESMC-6B forward pass on UniProt sequence (layer 64 mean-pool)
emb_esmc6b_452,esmc6b,ESMC-6B forward pass on UniProt sequence (layer 64 mean-pool)
emb_esmc6b_453,esmc6b,ESMC-6B forward pass on UniProt sequence (layer 64 mean-pool)
emb_esmc6b_454,esmc6b,ESMC-6B forward pass on UniProt sequence (layer 64 mean-pool)
emb_esmc6b_455,esmc6b,ESMC-6B forward pass on UniProt sequence (layer 64 mean-pool)
emb_esmc6b_456,esmc6b,ESMC-6B forward pass on UniProt sequence (layer 64 mean-pool)
emb_esmc6b_457,esmc6b,ESMC-6B forward pass on UniProt sequence (layer 64 mean-pool)
emb_esmc6b_458,esmc6b,ESMC-6B forward pass on UniProt sequence (layer 64 mean-pool)
emb_esmc6b_459,esmc6b,ESMC-6B forward pass on UniProt sequence (layer 64 mean-pool)
emb_esmc6b_460,esmc6b,ESMC-6B forward pass on UniProt sequence (layer 64 mean-pool)
emb_esmc6b_461,esmc6b,ESMC-6B forward pass on UniProt sequence (layer 64 mean-pool)
emb_esmc6b_462,esmc6b,ESMC-6B forward pass on UniProt sequence (layer 64 mean-pool)
emb_esmc6b_463,esmc6b,ESMC-6B forward pass on UniProt sequence (layer 64 mean-pool)
emb_esmc6b_464,esmc6b,ESMC-6B forward pass on UniProt sequence (layer 64 mean-pool)
emb_esmc6b_465,esmc6b,ESMC-6B forward pass on UniProt sequence (layer 64 mean-pool)
emb_esmc6b_466,esmc6b,ESMC-6B forward pass on UniProt sequence (layer 64 mean-pool)
emb_esmc6b_467,esmc6b,ESMC-6B forward pass on UniProt sequence (layer 64 mean-pool)
emb_esmc6b_468,esmc6b,ESMC-6B forward pass on UniProt sequence (layer 64 mean-pool)
emb_esmc6b_469,esmc6b,ESMC-6B forward pass on UniProt sequence (layer 64 mean-pool)
emb_esmc6b_470,esmc6b,ESMC-6B forward pass on UniProt sequence (layer 64 mean-pool)
emb_esmc6b_471,esmc6b,ESMC-6B forward pass on UniProt sequence (layer 64 mean-pool)
emb_esmc6b_472,esmc6b,ESMC-6B forward pass on UniProt sequence (layer 64 mean-pool)
emb_esmc6b_473,esmc6b,ESMC-6B forward pass on UniProt sequence (layer 64 mean-pool)
emb_esmc6b_474,esmc6b,ESMC-6B forward pass on UniProt sequence (layer 64 mean-pool)
emb_esmc6b_475,esmc6b,ESMC-6B forward pass on UniProt sequence (layer 64 mean-pool)
emb_esmc6b_476,esmc6b,ESMC-6B forward pass on UniProt sequence (layer 64 mean-pool)
emb_esmc6b_477,esmc6b,ESMC-6B forward pass on UniProt sequence (layer 64 mean-pool)
emb_esmc6b_478,esmc6b,ESMC-6B forward pass on UniProt sequence (layer 64 mean-pool)
emb_esmc6b_479,esmc6b,ESMC-6B forward pass on UniProt sequence (layer 64 mean-pool)
emb_esmc6b_480,esmc6b,ESMC-6B forward pass on UniProt sequence (layer 64 mean-pool)
emb_esmc6b_481,esmc6b,ESMC-6B forward pass on UniProt sequence (layer 64 mean-pool)
emb_esmc6b_482,esmc6b,ESMC-6B forward pass on UniProt sequence (layer 64 mean-pool)
emb_esmc6b_483,esmc6b,ESMC-6B forward pass on UniProt sequence (layer 64 mean-pool)
emb_esmc6b_484,esmc6b,ESMC-6B forward pass on UniProt sequence (layer 64 mean-pool)
emb_esmc6b_485,esmc6b,ESMC-6B forward pass on UniProt sequence (layer 64 mean-pool)
emb_esmc6b_486,esmc6b,ESMC-6B forward pass on UniProt sequence (layer 64 mean-pool)
emb_esmc6b_487,esmc6b,ESMC-6B forward pass on UniProt sequence (layer 64 mean-pool)
emb_esmc6b_488,esmc6b,ESMC-6B forward pass on UniProt sequence (layer 64 mean-pool)
emb_esmc6b_489,esmc6b,ESMC-6B forward pass on UniProt sequence (layer 64 mean-pool)
emb_esmc6b_490,esmc6b,ESMC-6B forward pass on UniProt sequence (layer 64 mean-pool)
emb_esmc6b_491,esmc6b,ESMC-6B forward pass on UniProt sequence (layer 64 mean-pool)
emb_esmc6b_492,esmc6b,ESMC-6B forward pass on UniProt sequence (layer 64 mean-pool)
emb_esmc6b_493,esmc6b,ESMC-6B forward pass on UniProt sequence (layer 64 mean-pool)
emb_esmc6b_494,esmc6b,ESMC-6B forward pass on UniProt sequence (layer 64 mean-pool)
emb_esmc6b_495,esmc6b,ESMC-6B forward pass on UniProt sequence (layer 64 mean-pool)
emb_esmc6b_496,esmc6b,ESMC-6B forward pass on UniProt sequence (layer 64 mean-pool)
emb_esmc6b_497,esmc6b,ESMC-6B forward pass on UniProt sequence (layer 64 mean-pool)
emb_esmc6b_498,esmc6b,ESMC-6B forward pass on UniProt sequence (layer 64 mean-pool)
emb_esmc6b_499,esmc6b,ESMC-6B forward pass on UniProt sequence (layer 64 mean-pool)
emb_esmc6b_500,esmc6b,ESMC-6B forward pass on UniProt sequence (layer 64 mean-pool)
emb_esmc6b_501,esmc6b,ESMC-6B forward pass on UniProt sequence (layer 64 mean-pool)
emb_esmc6b_502,esmc6b,ESMC-6B forward pass on UniProt sequence (layer 64 mean-pool)
emb_esmc6b_503,esmc6b,ESMC-6B forward pass on UniProt sequence (layer 64 mean-pool)
emb_esmc6b_504,esmc6b,ESMC-6B forward pass on UniProt sequence (layer 64 mean-pool)
emb_esmc6b_505,esmc6b,ESMC-6B forward pass on UniProt sequence (layer 64 mean-pool)
emb_esmc6b_506,esmc6b,ESMC-6B forward pass on UniProt sequence (layer 64 mean-pool)
emb_esmc6b_507,esmc6b,ESMC-6B forward pass on UniProt sequence (layer 64 mean-pool)
emb_esmc6b_508,esmc6b,ESMC-6B forward pass on UniProt sequence (layer 64 mean-pool)
emb_esmc6b_509,esmc6b,ESMC-6B forward pass on UniProt sequence (layer 64 mean-pool)
emb_esmc6b_510,esmc6b,ESMC-6B forward pass on UniProt sequence (layer 64 mean-pool)
emb_esmc6b_511,esmc6b,ESMC-6B forward pass on UniProt sequence (layer 64 mean-pool)
emb_esmc6b_512,esmc6b,ESMC-6B forward pass on UniProt sequence (layer 64 mean-pool)
emb_esmc6b_513,esmc6b,ESMC-6B forward pass on UniProt sequence (layer 64 mean-pool)
emb_esmc6b_514,esmc6b,ESMC-6B forward pass on UniProt sequence (layer 64 mean-pool)
emb_esmc6b_515,esmc6b,ESMC-6B forward pass on UniProt sequence (layer 64 mean-pool)
emb_esmc6b_516,esmc6b,ESMC-6B forward pass on UniProt sequence (layer 64 mean-pool)
emb_esmc6b_517,esmc6b,ESMC-6B forward pass on UniProt sequence (layer 64 mean-pool)
emb_esmc6b_518,esmc6b,ESMC-6B forward pass on UniProt sequence (layer 64 mean-pool)
emb_esmc6b_519,esmc6b,ESMC-6B forward pass on UniProt sequence (layer 64 mean-pool)
emb_esmc6b_520,esmc6b,ESMC-6B forward pass on UniProt sequence (layer 64 mean-pool)
emb_esmc6b_521,esmc6b,ESMC-6B forward pass on UniProt sequence (layer 64 mean-pool)
emb_esmc6b_522,esmc6b,ESMC-6B forward pass on UniProt sequence (layer 64 mean-pool)
emb_esmc6b_523,esmc6b,ESMC-6B forward pass on UniProt sequence (layer 64 mean-pool)
emb_esmc6b_524,esmc6b,ESMC-6B forward pass on UniProt sequence (layer 64 mean-pool)
emb_esmc6b_525,esmc6b,ESMC-6B forward pass on UniProt sequence (layer 64 mean-pool)
emb_esmc6b_526,esmc6b,ESMC-6B forward pass on UniProt sequence (layer 64 mean-pool)
emb_esmc6b_527,esmc6b,ESMC-6B forward pass on UniProt sequence (layer 64 mean-pool)
emb_esmc6b_528,esmc6b,ESMC-6B forward pass on UniProt sequence (layer 64 mean-pool)
emb_esmc6b_529,esmc6b,ESMC-6B forward pass on UniProt sequence (layer 64 mean-pool)
emb_esmc6b_530,esmc6b,ESMC-6B forward pass on UniProt sequence (layer 64 mean-pool)
emb_esmc6b_531,esmc6b,ESMC-6B forward pass on UniProt sequence (layer 64 mean-pool)
emb_esmc6b_532,esmc6b,ESMC-6B forward pass on UniProt sequence (layer 64 mean-pool)
emb_esmc6b_533,esmc6b,ESMC-6B forward pass on UniProt sequence (layer 64 mean-pool)
emb_esmc6b_534,esmc6b,ESMC-6B forward pass on UniProt sequence (layer 64 mean-pool)
emb_esmc6b_535,esmc6b,ESMC-6B forward pass on UniProt sequence (layer 64 mean-pool)
emb_esmc6b_536,esmc6b,ESMC-6B forward pass on UniProt sequence (layer 64 mean-pool)
emb_esmc6b_537,esmc6b,ESMC-6B forward pass on UniProt sequence (layer 64 mean-pool)
emb_esmc6b_538,esmc6b,ESMC-6B forward pass on UniProt sequence (layer 64 mean-pool)
emb_esmc6b_539,esmc6b,ESMC-6B forward pass on UniProt sequence (layer 64 mean-pool)
emb_esmc6b_540,esmc6b,ESMC-6B forward pass on UniProt sequence (layer 64 mean-pool)
emb_esmc6b_541,esmc6b,ESMC-6B forward pass on UniProt sequence (layer 64 mean-pool)
emb_esmc6b_542,esmc6b,ESMC-6B forward pass on UniProt sequence (layer 64 mean-pool)
emb_esmc6b_543,esmc6b,ESMC-6B forward pass on UniProt sequence (layer 64 mean-pool)
emb_esmc6b_544,esmc6b,ESMC-6B forward pass on UniProt sequence (layer 64 mean-pool)
emb_esmc6b_545,esmc6b,ESMC-6B forward pass on UniProt sequence (layer 64 mean-pool)
emb_esmc6b_546,esmc6b,ESMC-6B forward pass on UniProt sequence (layer 64 mean-pool)
emb_esmc6b_547,esmc6b,ESMC-6B forward pass on UniProt sequence (layer 64 mean-pool)
emb_esmc6b_548,esmc6b,ESMC-6B forward pass on UniProt sequence (layer 64 mean-pool)
emb_esmc6b_549,esmc6b,ESMC-6B forward pass on UniProt sequence (layer 64 mean-pool)
emb_esmc6b_550,esmc6b,ESMC-6B forward pass on UniProt sequence (layer 64 mean-pool)
emb_esmc6b_551,esmc6b,ESMC-6B forward pass on UniProt sequence (layer 64 mean-pool)
emb_esmc6b_552,esmc6b,ESMC-6B forward pass on UniProt sequence (layer 64 mean-pool)
emb_esmc6b_553,esmc6b,ESMC-6B forward pass on UniProt sequence (layer 64 mean-pool)
emb_esmc6b_554,esmc6b,ESMC-6B forward pass on UniProt sequence (layer 64 mean-pool)
emb_esmc6b_555,esmc6b,ESMC-6B forward pass on UniProt sequence (layer 64 mean-pool)
emb_esmc6b_556,esmc6b,ESMC-6B forward pass on UniProt sequence (layer 64 mean-pool)
emb_esmc6b_557,esmc6b,ESMC-6B forward pass on UniProt sequence (layer 64 mean-pool)
emb_esmc6b_558,esmc6b,ESMC-6B forward pass on UniProt sequence (layer 64 mean-pool)
emb_esmc6b_559,esmc6b,ESMC-6B forward pass on UniProt sequence (layer 64 mean-pool)
emb_esmc6b_560,esmc6b,ESMC-6B forward pass on UniProt sequence (layer 64 mean-pool)
emb_esmc6b_561,esmc6b,ESMC-6B forward pass on UniProt sequence (layer 64 mean-pool)
emb_esmc6b_562,esmc6b,ESMC-6B forward pass on UniProt sequence (layer 64 mean-pool)
emb_esmc6b_563,esmc6b,ESMC-6B forward pass on UniProt sequence (layer 64 mean-pool)
emb_esmc6b_564,esmc6b,ESMC-6B forward pass on UniProt sequence (layer 64 mean-pool)
emb_esmc6b_565,esmc6b,ESMC-6B forward pass on UniProt sequence (layer 64 mean-pool)
emb_esmc6b_566,esmc6b,ESMC-6B forward pass on UniProt sequence (layer 64 mean-pool)
emb_esmc6b_567,esmc6b,ESMC-6B forward pass on UniProt sequence (layer 64 mean-pool)
emb_esmc6b_568,esmc6b,ESMC-6B forward pass on UniProt sequence (layer 64 mean-pool)
emb_esmc6b_569,esmc6b,ESMC-6B forward pass on UniProt sequence (layer 64 mean-pool)
emb_esmc6b_570,esmc6b,ESMC-6B forward pass on UniProt sequence (layer 64 mean-pool)
emb_esmc6b_571,esmc6b,ESMC-6B forward pass on UniProt sequence (layer 64 mean-pool)
emb_esmc6b_572,esmc6b,ESMC-6B forward pass on UniProt sequence (layer 64 mean-pool)
emb_esmc6b_573,esmc6b,ESMC-6B forward pass on UniProt sequence (layer 64 mean-pool)
emb_esmc6b_574,esmc6b,ESMC-6B forward pass on UniProt sequence (layer 64 mean-pool)
emb_esmc6b_575,esmc6b,ESMC-6B forward pass on UniProt sequence (layer 64 mean-pool)
emb_esmc6b_576,esmc6b,ESMC-6B forward pass on UniProt sequence (layer 64 mean-pool)
emb_esmc6b_577,esmc6b,ESMC-6B forward pass on UniProt sequence (layer 64 mean-pool)
emb_esmc6b_578,esmc6b,ESMC-6B forward pass on UniProt sequence (layer 64 mean-pool)
emb_esmc6b_579,esmc6b,ESMC-6B forward pass on UniProt sequence (layer 64 mean-pool)
emb_esmc6b_580,esmc6b,ESMC-6B forward pass on UniProt sequence (layer 64 mean-pool)
emb_esmc6b_581,esmc6b,ESMC-6B forward pass on UniProt sequence (layer 64 mean-pool)
emb_esmc6b_582,esmc6b,ESMC-6B forward pass on UniProt sequence (layer 64 mean-pool)
emb_esmc6b_583,esmc6b,ESMC-6B forward pass on UniProt sequence (layer 64 mean-pool)
emb_esmc6b_584,esmc6b,ESMC-6B forward pass on UniProt sequence (layer 64 mean-pool)
emb_esmc6b_585,esmc6b,ESMC-6B forward pass on UniProt sequence (layer 64 mean-pool)
emb_esmc6b_586,esmc6b,ESMC-6B forward pass on UniProt sequence (layer 64 mean-pool)
emb_esmc6b_587,esmc6b,ESMC-6B forward pass on UniProt sequence (layer 64 mean-pool)
emb_esmc6b_588,esmc6b,ESMC-6B forward pass on UniProt sequence (layer 64 mean-pool)
emb_esmc6b_589,esmc6b,ESMC-6B forward pass on UniProt sequence (layer 64 mean-pool)
emb_esmc6b_590,esmc6b,ESMC-6B forward pass on UniProt sequence (layer 64 mean-pool)
emb_esmc6b_591,esmc6b,ESMC-6B forward pass on UniProt sequence (layer 64 mean-pool)
emb_esmc6b_592,esmc6b,ESMC-6B forward pass on UniProt sequence (layer 64 mean-pool)
emb_esmc6b_593,esmc6b,ESMC-6B forward pass on UniProt sequence (layer 64 mean-pool)
emb_esmc6b_594,esmc6b,ESMC-6B forward pass on UniProt sequence (layer 64 mean-pool)
emb_esmc6b_595,esmc6b,ESMC-6B forward pass on UniProt sequence (layer 64 mean-pool)
emb_esmc6b_596,esmc6b,ESMC-6B forward pass on UniProt sequence (layer 64 mean-pool)
emb_esmc6b_597,esmc6b,ESMC-6B forward pass on UniProt sequence (layer 64 mean-pool)
emb_esmc6b_598,esmc6b,ESMC-6B forward pass on UniProt sequence (layer 64 mean-pool)
emb_esmc6b_599,esmc6b,ESMC-6B forward pass on UniProt sequence (layer 64 mean-pool)
emb_esmc6b_600,esmc6b,ESMC-6B forward pass on UniProt sequence (layer 64 mean-pool)
emb_esmc6b_601,esmc6b,ESMC-6B forward pass on UniProt sequence (layer 64 mean-pool)
emb_esmc6b_602,esmc6b,ESMC-6B forward pass on UniProt sequence (layer 64 mean-pool)
emb_esmc6b_603,esmc6b,ESMC-6B forward pass on UniProt sequence (layer 64 mean-pool)
emb_esmc6b_604,esmc6b,ESMC-6B forward pass on UniProt sequence (layer 64 mean-pool)
emb_esmc6b_605,esmc6b,ESMC-6B forward pass on UniProt sequence (layer 64 mean-pool)
emb_esmc6b_606,esmc6b,ESMC-6B forward pass on UniProt sequence (layer 64 mean-pool)
emb_esmc6b_607,esmc6b,ESMC-6B forward pass on UniProt sequence (layer 64 mean-pool)
emb_esmc6b_608,esmc6b,ESMC-6B forward pass on UniProt sequence (layer 64 mean-pool)
emb_esmc6b_609,esmc6b,ESMC-6B forward pass on UniProt sequence (layer 64 mean-pool)
emb_esmc6b_610,esmc6b,ESMC-6B forward pass on UniProt sequence (layer 64 mean-pool)
emb_esmc6b_611,esmc6b,ESMC-6B forward pass on UniProt sequence (layer 64 mean-pool)
emb_esmc6b_612,esmc6b,ESMC-6B forward pass on UniProt sequence (layer 64 mean-pool)
emb_esmc6b_613,esmc6b,ESMC-6B forward pass on UniProt sequence (layer 64 mean-pool)
emb_esmc6b_614,esmc6b,ESMC-6B forward pass on UniProt sequence (layer 64 mean-pool)
emb_esmc6b_615,esmc6b,ESMC-6B forward pass on UniProt sequence (layer 64 mean-pool)
emb_esmc6b_616,esmc6b,ESMC-6B forward pass on UniProt sequence (layer 64 mean-pool)
emb_esmc6b_617,esmc6b,ESMC-6B forward pass on UniProt sequence (layer 64 mean-pool)
emb_esmc6b_618,esmc6b,ESMC-6B forward pass on UniProt sequence (layer 64 mean-pool)
emb_esmc6b_619,esmc6b,ESMC-6B forward pass on UniProt sequence (layer 64 mean-pool)
emb_esmc6b_620,esmc6b,ESMC-6B forward pass on UniProt sequence (layer 64 mean-pool)
emb_esmc6b_621,esmc6b,ESMC-6B forward pass on UniProt sequence (layer 64 mean-pool)
emb_esmc6b_622,esmc6b,ESMC-6B forward pass on UniProt sequence (layer 64 mean-pool)
emb_esmc6b_623,esmc6b,ESMC-6B forward pass on UniProt sequence (layer 64 mean-pool)
emb_esmc6b_624,esmc6b,ESMC-6B forward pass on UniProt sequence (layer 64 mean-pool)
emb_esmc6b_625,esmc6b,ESMC-6B forward pass on UniProt sequence (layer 64 mean-pool)
emb_esmc6b_626,esmc6b,ESMC-6B forward pass on UniProt sequence (layer 64 mean-pool)
emb_esmc6b_627,esmc6b,ESMC-6B forward pass on UniProt sequence (layer 64 mean-pool)
emb_esmc6b_628,esmc6b,ESMC-6B forward pass on UniProt sequence (layer 64 mean-pool)
emb_esmc6b_629,esmc6b,ESMC-6B forward pass on UniProt sequence (layer 64 mean-pool)
emb_esmc6b_630,esmc6b,ESMC-6B forward pass on UniProt sequence (layer 64 mean-pool)
emb_esmc6b_631,esmc6b,ESMC-6B forward pass on UniProt sequence (layer 64 mean-pool)
emb_esmc6b_632,esmc6b,ESMC-6B forward pass on UniProt sequence (layer 64 mean-pool)
emb_esmc6b_633,esmc6b,ESMC-6B forward pass on UniProt sequence (layer 64 mean-pool)
emb_esmc6b_634,esmc6b,ESMC-6B forward pass on UniProt sequence (layer 64 mean-pool)
emb_esmc6b_635,esmc6b,ESMC-6B forward pass on UniProt sequence (layer 64 mean-pool)
emb_esmc6b_636,esmc6b,ESMC-6B forward pass on UniProt sequence (layer 64 mean-pool)
emb_esmc6b_637,esmc6b,ESMC-6B forward pass on UniProt sequence (layer 64 mean-pool)
emb_esmc6b_638,esmc6b,ESMC-6B forward pass on UniProt sequence (layer 64 mean-pool)
emb_esmc6b_639,esmc6b,ESMC-6B forward pass on UniProt sequence (layer 64 mean-pool)
emb_esmc6b_640,esmc6b,ESMC-6B forward pass on UniProt sequence (layer 64 mean-pool)
emb_esmc6b_641,esmc6b,ESMC-6B forward pass on UniProt sequence (layer 64 mean-pool)
emb_esmc6b_642,esmc6b,ESMC-6B forward pass on UniProt sequence (layer 64 mean-pool)
emb_esmc6b_643,esmc6b,ESMC-6B forward pass on UniProt sequence (layer 64 mean-pool)
emb_esmc6b_644,esmc6b,ESMC-6B forward pass on UniProt sequence (layer 64 mean-pool)
emb_esmc6b_645,esmc6b,ESMC-6B forward pass on UniProt sequence (layer 64 mean-pool)
emb_esmc6b_646,esmc6b,ESMC-6B forward pass on UniProt sequence (layer 64 mean-pool)
emb_esmc6b_647,esmc6b,ESMC-6B forward pass on UniProt sequence (layer 64 mean-pool)
emb_esmc6b_648,esmc6b,ESMC-6B forward pass on UniProt sequence (layer 64 mean-pool)
emb_esmc6b_649,esmc6b,ESMC-6B forward pass on UniProt sequence (layer 64 mean-pool)
emb_esmc6b_650,esmc6b,ESMC-6B forward pass on UniProt sequence (layer 64 mean-pool)
emb_esmc6b_651,esmc6b,ESMC-6B forward pass on UniProt sequence (layer 64 mean-pool)
emb_esmc6b_652,esmc6b,ESMC-6B forward pass on UniProt sequence (layer 64 mean-pool)
emb_esmc6b_653,esmc6b,ESMC-6B forward pass on UniProt sequence (layer 64 mean-pool)
emb_esmc6b_654,esmc6b,ESMC-6B forward pass on UniProt sequence (layer 64 mean-pool)
emb_esmc6b_655,esmc6b,ESMC-6B forward pass on UniProt sequence (layer 64 mean-pool)
emb_esmc6b_656,esmc6b,ESMC-6B forward pass on UniProt sequence (layer 64 mean-pool)
emb_esmc6b_657,esmc6b,ESMC-6B forward pass on UniProt sequence (layer 64 mean-pool)
emb_esmc6b_658,esmc6b,ESMC-6B forward pass on UniProt sequence (layer 64 mean-pool)
emb_esmc6b_659,esmc6b,ESMC-6B forward pass on UniProt sequence (layer 64 mean-pool)
emb_esmc6b_660,esmc6b,ESMC-6B forward pass on UniProt sequence (layer 64 mean-pool)
emb_esmc6b_661,esmc6b,ESMC-6B forward pass on UniProt sequence (layer 64 mean-pool)
emb_esmc6b_662,esmc6b,ESMC-6B forward pass on UniProt sequence (layer 64 mean-pool)
emb_esmc6b_663,esmc6b,ESMC-6B forward pass on UniProt sequence (layer 64 mean-pool)
emb_esmc6b_664,esmc6b,ESMC-6B forward pass on UniProt sequence (layer 64 mean-pool)
emb_esmc6b_665,esmc6b,ESMC-6B forward pass on UniProt sequence (layer 64 mean-pool)
emb_esmc6b_666,esmc6b,ESMC-6B forward pass on UniProt sequence (layer 64 mean-pool)
emb_esmc6b_667,esmc6b,ESMC-6B forward pass on UniProt sequence (layer 64 mean-pool)
emb_esmc6b_668,esmc6b,ESMC-6B forward pass on UniProt sequence (layer 64 mean-pool)
emb_esmc6b_669,esmc6b,ESMC-6B forward pass on UniProt sequence (layer 64 mean-pool)
emb_esmc6b_670,esmc6b,ESMC-6B forward pass on UniProt sequence (layer 64 mean-pool)
emb_esmc6b_671,esmc6b,ESMC-6B forward pass on UniProt sequence (layer 64 mean-pool)
emb_esmc6b_672,esmc6b,ESMC-6B forward pass on UniProt sequence (layer 64 mean-pool)
emb_esmc6b_673,esmc6b,ESMC-6B forward pass on UniProt sequence (layer 64 mean-pool)
emb_esmc6b_674,esmc6b,ESMC-6B forward pass on UniProt sequence (layer 64 mean-pool)
emb_esmc6b_675,esmc6b,ESMC-6B forward pass on UniProt sequence (layer 64 mean-pool)
emb_esmc6b_676,esmc6b,ESMC-6B forward pass on UniProt sequence (layer 64 mean-pool)
emb_esmc6b_677,esmc6b,ESMC-6B forward pass on UniProt sequence (layer 64 mean-pool)
emb_esmc6b_678,esmc6b,ESMC-6B forward pass on UniProt sequence (layer 64 mean-pool)
emb_esmc6b_679,esmc6b,ESMC-6B forward pass on UniProt sequence (layer 64 mean-pool)
emb_esmc6b_680,esmc6b,ESMC-6B forward pass on UniProt sequence (layer 64 mean-pool)
emb_esmc6b_681,esmc6b,ESMC-6B forward pass on UniProt sequence (layer 64 mean-pool)
emb_esmc6b_682,esmc6b,ESMC-6B forward pass on UniProt sequence (layer 64 mean-pool)
emb_esmc6b_683,esmc6b,ESMC-6B forward pass on UniProt sequence (layer 64 mean-pool)
emb_esmc6b_684,esmc6b,ESMC-6B forward pass on UniProt sequence (layer 64 mean-pool)
emb_esmc6b_685,esmc6b,ESMC-6B forward pass on UniProt sequence (layer 64 mean-pool)
emb_esmc6b_686,esmc6b,ESMC-6B forward pass on UniProt sequence (layer 64 mean-pool)
emb_esmc6b_687,esmc6b,ESMC-6B forward pass on UniProt sequence (layer 64 mean-pool)
emb_esmc6b_688,esmc6b,ESMC-6B forward pass on UniProt sequence (layer 64 mean-pool)
emb_esmc6b_689,esmc6b,ESMC-6B forward pass on UniProt sequence (layer 64 mean-pool)
emb_esmc6b_690,esmc6b,ESMC-6B forward pass on UniProt sequence (layer 64 mean-pool)
emb_esmc6b_691,esmc6b,ESMC-6B forward pass on UniProt sequence (layer 64 mean-pool)
emb_esmc6b_692,esmc6b,ESMC-6B forward pass on UniProt sequence (layer 64 mean-pool)
emb_esmc6b_693,esmc6b,ESMC-6B forward pass on UniProt sequence (layer 64 mean-pool)
emb_esmc6b_694,esmc6b,ESMC-6B forward pass on UniProt sequence (layer 64 mean-pool)
emb_esmc6b_695,esmc6b,ESMC-6B forward pass on UniProt sequence (layer 64 mean-pool)
emb_esmc6b_696,esmc6b,ESMC-6B forward pass on UniProt sequence (layer 64 mean-pool)
emb_esmc6b_697,esmc6b,ESMC-6B forward pass on UniProt sequence (layer 64 mean-pool)
emb_esmc6b_698,esmc6b,ESMC-6B forward pass on UniProt sequence (layer 64 mean-pool)
emb_esmc6b_699,esmc6b,ESMC-6B forward pass on UniProt sequence (layer 64 mean-pool)
emb_esmc6b_700,esmc6b,ESMC-6B forward pass on UniProt sequence (layer 64 mean-pool)
emb_esmc6b_701,esmc6b,ESMC-6B forward pass on UniProt sequence (layer 64 mean-pool)
emb_esmc6b_702,esmc6b,ESMC-6B forward pass on UniProt sequence (layer 64 mean-pool)
emb_esmc6b_703,esmc6b,ESMC-6B forward pass on UniProt sequence (layer 64 mean-pool)
emb_esmc6b_704,esmc6b,ESMC-6B forward pass on UniProt sequence (layer 64 mean-pool)
emb_esmc6b_705,esmc6b,ESMC-6B forward pass on UniProt sequence (layer 64 mean-pool)
emb_esmc6b_706,esmc6b,ESMC-6B forward pass on UniProt sequence (layer 64 mean-pool)
emb_esmc6b_707,esmc6b,ESMC-6B forward pass on UniProt sequence (layer 64 mean-pool)
emb_esmc6b_708,esmc6b,ESMC-6B forward pass on UniProt sequence (layer 64 mean-pool)
emb_esmc6b_709,esmc6b,ESMC-6B forward pass on UniProt sequence (layer 64 mean-pool)
emb_esmc6b_710,esmc6b,ESMC-6B forward pass on UniProt sequence (layer 64 mean-pool)
emb_esmc6b_711,esmc6b,ESMC-6B forward pass on UniProt sequence (layer 64 mean-pool)
emb_esmc6b_712,esmc6b,ESMC-6B forward pass on UniProt sequence (layer 64 mean-pool)
emb_esmc6b_713,esmc6b,ESMC-6B forward pass on UniProt sequence (layer 64 mean-pool)
emb_esmc6b_714,esmc6b,ESMC-6B forward pass on UniProt sequence (layer 64 mean-pool)
emb_esmc6b_715,esmc6b,ESMC-6B forward pass on UniProt sequence (layer 64 mean-pool)
emb_esmc6b_716,esmc6b,ESMC-6B forward pass on UniProt sequence (layer 64 mean-pool)
emb_esmc6b_717,esmc6b,ESMC-6B forward pass on UniProt sequence (layer 64 mean-pool)
emb_esmc6b_718,esmc6b,ESMC-6B forward pass on UniProt sequence (layer 64 mean-pool)
emb_esmc6b_719,esmc6b,ESMC-6B forward pass on UniProt sequence (layer 64 mean-pool)
emb_esmc6b_720,esmc6b,ESMC-6B forward pass on UniProt sequence (layer 64 mean-pool)
emb_esmc6b_721,esmc6b,ESMC-6B forward pass on UniProt sequence (layer 64 mean-pool)
emb_esmc6b_722,esmc6b,ESMC-6B forward pass on UniProt sequence (layer 64 mean-pool)
emb_esmc6b_723,esmc6b,ESMC-6B forward pass on UniProt sequence (layer 64 mean-pool)
emb_esmc6b_724,esmc6b,ESMC-6B forward pass on UniProt sequence (layer 64 mean-pool)
emb_esmc6b_725,esmc6b,ESMC-6B forward pass on UniProt sequence (layer 64 mean-pool)
emb_esmc6b_726,esmc6b,ESMC-6B forward pass on UniProt sequence (layer 64 mean-pool)
emb_esmc6b_727,esmc6b,ESMC-6B forward pass on UniProt sequence (layer 64 mean-pool)
emb_esmc6b_728,esmc6b,ESMC-6B forward pass on UniProt sequence (layer 64 mean-pool)
emb_esmc6b_729,esmc6b,ESMC-6B forward pass on UniProt sequence (layer 64 mean-pool)
emb_esmc6b_730,esmc6b,ESMC-6B forward pass on UniProt sequence (layer 64 mean-pool)
emb_esmc6b_731,esmc6b,ESMC-6B forward pass on UniProt sequence (layer 64 mean-pool)
emb_esmc6b_732,esmc6b,ESMC-6B forward pass on UniProt sequence (layer 64 mean-pool)
emb_esmc6b_733,esmc6b,ESMC-6B forward pass on UniProt sequence (layer 64 mean-pool)
emb_esmc6b_734,esmc6b,ESMC-6B forward pass on UniProt sequence (layer 64 mean-pool)
emb_esmc6b_735,esmc6b,ESMC-6B forward pass on UniProt sequence (layer 64 mean-pool)
emb_esmc6b_736,esmc6b,ESMC-6B forward pass on UniProt sequence (layer 64 mean-pool)
emb_esmc6b_737,esmc6b,ESMC-6B forward pass on UniProt sequence (layer 64 mean-pool)
emb_esmc6b_738,esmc6b,ESMC-6B forward pass on UniProt sequence (layer 64 mean-pool)
emb_esmc6b_739,esmc6b,ESMC-6B forward pass on UniProt sequence (layer 64 mean-pool)
emb_esmc6b_740,esmc6b,ESMC-6B forward pass on UniProt sequence (layer 64 mean-pool)
emb_esmc6b_741,esmc6b,ESMC-6B forward pass on UniProt sequence (layer 64 mean-pool)
emb_esmc6b_742,esmc6b,ESMC-6B forward pass on UniProt sequence (layer 64 mean-pool)
emb_esmc6b_743,esmc6b,ESMC-6B forward pass on UniProt sequence (layer 64 mean-pool)
emb_esmc6b_744,esmc6b,ESMC-6B forward pass on UniProt sequence (layer 64 mean-pool)
emb_esmc6b_745,esmc6b,ESMC-6B forward pass on UniProt sequence (layer 64 mean-pool)
emb_esmc6b_746,esmc6b,ESMC-6B forward pass on UniProt sequence (layer 64 mean-pool)
emb_esmc6b_747,esmc6b,ESMC-6B forward pass on UniProt sequence (layer 64 mean-pool)
emb_esmc6b_748,esmc6b,ESMC-6B forward pass on UniProt sequence (layer 64 mean-pool)
emb_esmc6b_749,esmc6b,ESMC-6B forward pass on UniProt sequence (layer 64 mean-pool)
emb_esmc6b_750,esmc6b,ESMC-6B forward pass on UniProt sequence (layer 64 mean-pool)
emb_esmc6b_751,esmc6b,ESMC-6B forward pass on UniProt sequence (layer 64 mean-pool)
emb_esmc6b_752,esmc6b,ESMC-6B forward pass on UniProt sequence (layer 64 mean-pool)
emb_esmc6b_753,esmc6b,ESMC-6B forward pass on UniProt sequence (layer 64 mean-pool)
emb_esmc6b_754,esmc6b,ESMC-6B forward pass on UniProt sequence (layer 64 mean-pool)
emb_esmc6b_755,esmc6b,ESMC-6B forward pass on UniProt sequence (layer 64 mean-pool)
emb_esmc6b_756,esmc6b,ESMC-6B forward pass on UniProt sequence (layer 64 mean-pool)
emb_esmc6b_757,esmc6b,ESMC-6B forward pass on UniProt sequence (layer 64 mean-pool)
emb_esmc6b_758,esmc6b,ESMC-6B forward pass on UniProt sequence (layer 64 mean-pool)
emb_esmc6b_759,esmc6b,ESMC-6B forward pass on UniProt sequence (layer 64 mean-pool)
emb_esmc6b_760,esmc6b,ESMC-6B forward pass on UniProt sequence (layer 64 mean-pool)
emb_esmc6b_761,esmc6b,ESMC-6B forward pass on UniProt sequence (layer 64 mean-pool)
emb_esmc6b_762,esmc6b,ESMC-6B forward pass on UniProt sequence (layer 64 mean-pool)
emb_esmc6b_763,esmc6b,ESMC-6B forward pass on UniProt sequence (layer 64 mean-pool)
emb_esmc6b_764,esmc6b,ESMC-6B forward pass on UniProt sequence (layer 64 mean-pool)
emb_esmc6b_765,esmc6b,ESMC-6B forward pass on UniProt sequence (layer 64 mean-pool)
emb_esmc6b_766,esmc6b,ESMC-6B forward pass on UniProt sequence (layer 64 mean-pool)
emb_esmc6b_767,esmc6b,ESMC-6B forward pass on UniProt sequence (layer 64 mean-pool)
emb_esmc6b_768,esmc6b,ESMC-6B forward pass on UniProt sequence (layer 64 mean-pool)
emb_esmc6b_769,esmc6b,ESMC-6B forward pass on UniProt sequence (layer 64 mean-pool)
emb_esmc6b_770,esmc6b,ESMC-6B forward pass on UniProt sequence (layer 64 mean-pool)
emb_esmc6b_771,esmc6b,ESMC-6B forward pass on UniProt sequence (layer 64 mean-pool)
emb_esmc6b_772,esmc6b,ESMC-6B forward pass on UniProt sequence (layer 64 mean-pool)
emb_esmc6b_773,esmc6b,ESMC-6B forward pass on UniProt sequence (layer 64 mean-pool)
emb_esmc6b_774,esmc6b,ESMC-6B forward pass on UniProt sequence (layer 64 mean-pool)
emb_esmc6b_775,esmc6b,ESMC-6B forward pass on UniProt sequence (layer 64 mean-pool)
emb_esmc6b_776,esmc6b,ESMC-6B forward pass on UniProt sequence (layer 64 mean-pool)
emb_esmc6b_777,esmc6b,ESMC-6B forward pass on UniProt sequence (layer 64 mean-pool)
emb_esmc6b_778,esmc6b,ESMC-6B forward pass on UniProt sequence (layer 64 mean-pool)
emb_esmc6b_779,esmc6b,ESMC-6B forward pass on UniProt sequence (layer 64 mean-pool)
emb_esmc6b_780,esmc6b,ESMC-6B forward pass on UniProt sequence (layer 64 mean-pool)
emb_esmc6b_781,esmc6b,ESMC-6B forward pass on UniProt sequence (layer 64 mean-pool)
emb_esmc6b_782,esmc6b,ESMC-6B forward pass on UniProt sequence (layer 64 mean-pool)
emb_esmc6b_783,esmc6b,ESMC-6B forward pass on UniProt sequence (layer 64 mean-pool)
emb_esmc6b_784,esmc6b,ESMC-6B forward pass on UniProt sequence (layer 64 mean-pool)
emb_esmc6b_785,esmc6b,ESMC-6B forward pass on UniProt sequence (layer 64 mean-pool)
emb_esmc6b_786,esmc6b,ESMC-6B forward pass on UniProt sequence (layer 64 mean-pool)
emb_esmc6b_787,esmc6b,ESMC-6B forward pass on UniProt sequence (layer 64 mean-pool)
emb_esmc6b_788,esmc6b,ESMC-6B forward pass on UniProt sequence (layer 64 mean-pool)
emb_esmc6b_789,esmc6b,ESMC-6B forward pass on UniProt sequence (layer 64 mean-pool)
emb_esmc6b_790,esmc6b,ESMC-6B forward pass on UniProt sequence (layer 64 mean-pool)
emb_esmc6b_791,esmc6b,ESMC-6B forward pass on UniProt sequence (layer 64 mean-pool)
emb_esmc6b_792,esmc6b,ESMC-6B forward pass on UniProt sequence (layer 64 mean-pool)
emb_esmc6b_793,esmc6b,ESMC-6B forward pass on UniProt sequence (layer 64 mean-pool)
emb_esmc6b_794,esmc6b,ESMC-6B forward pass on UniProt sequence (layer 64 mean-pool)
emb_esmc6b_795,esmc6b,ESMC-6B forward pass on UniProt sequence (layer 64 mean-pool)
emb_esmc6b_796,esmc6b,ESMC-6B forward pass on UniProt sequence (layer 64 mean-pool)
emb_esmc6b_797,esmc6b,ESMC-6B forward pass on UniProt sequence (layer 64 mean-pool)
emb_esmc6b_798,esmc6b,ESMC-6B forward pass on UniProt sequence (layer 64 mean-pool)
emb_esmc6b_799,esmc6b,ESMC-6B forward pass on UniProt sequence (layer 64 mean-pool)
emb_esmc6b_800,esmc6b,ESMC-6B forward pass on UniProt sequence (layer 64 mean-pool)
emb_esmc6b_801,esmc6b,ESMC-6B forward pass on UniProt sequence (layer 64 mean-pool)
emb_esmc6b_802,esmc6b,ESMC-6B forward pass on UniProt sequence (layer 64 mean-pool)
emb_esmc6b_803,esmc6b,ESMC-6B forward pass on UniProt sequence (layer 64 mean-pool)
emb_esmc6b_804,esmc6b,ESMC-6B forward pass on UniProt sequence (layer 64 mean-pool)
emb_esmc6b_805,esmc6b,ESMC-6B forward pass on UniProt sequence (layer 64 mean-pool)
emb_esmc6b_806,esmc6b,ESMC-6B forward pass on UniProt sequence (layer 64 mean-pool)
emb_esmc6b_807,esmc6b,ESMC-6B forward pass on UniProt sequence (layer 64 mean-pool)
emb_esmc6b_808,esmc6b,ESMC-6B forward pass on UniProt sequence (layer 64 mean-pool)
emb_esmc6b_809,esmc6b,ESMC-6B forward pass on UniProt sequence (layer 64 mean-pool)
emb_esmc6b_810,esmc6b,ESMC-6B forward pass on UniProt sequence (layer 64 mean-pool)
emb_esmc6b_811,esmc6b,ESMC-6B forward pass on UniProt sequence (layer 64 mean-pool)
emb_esmc6b_812,esmc6b,ESMC-6B forward pass on UniProt sequence (layer 64 mean-pool)
emb_esmc6b_813,esmc6b,ESMC-6B forward pass on UniProt sequence (layer 64 mean-pool)
emb_esmc6b_814,esmc6b,ESMC-6B forward pass on UniProt sequence (layer 64 mean-pool)
emb_esmc6b_815,esmc6b,ESMC-6B forward pass on UniProt sequence (layer 64 mean-pool)
emb_esmc6b_816,esmc6b,ESMC-6B forward pass on UniProt sequence (layer 64 mean-pool)
emb_esmc6b_817,esmc6b,ESMC-6B forward pass on UniProt sequence (layer 64 mean-pool)
emb_esmc6b_818,esmc6b,ESMC-6B forward pass on UniProt sequence (layer 64 mean-pool)
emb_esmc6b_819,esmc6b,ESMC-6B forward pass on UniProt sequence (layer 64 mean-pool)
emb_esmc6b_820,esmc6b,ESMC-6B forward pass on UniProt sequence (layer 64 mean-pool)
emb_esmc6b_821,esmc6b,ESMC-6B forward pass on UniProt sequence (layer 64 mean-pool)
emb_esmc6b_822,esmc6b,ESMC-6B forward pass on UniProt sequence (layer 64 mean-pool)
emb_esmc6b_823,esmc6b,ESMC-6B forward pass on UniProt sequence (layer 64 mean-pool)
emb_esmc6b_824,esmc6b,ESMC-6B forward pass on UniProt sequence (layer 64 mean-pool)
emb_esmc6b_825,esmc6b,ESMC-6B forward pass on UniProt sequence (layer 64 mean-pool)
emb_esmc6b_826,esmc6b,ESMC-6B forward pass on UniProt sequence (layer 64 mean-pool)
emb_esmc6b_827,esmc6b,ESMC-6B forward pass on UniProt sequence (layer 64 mean-pool)
emb_esmc6b_828,esmc6b,ESMC-6B forward pass on UniProt sequence (layer 64 mean-pool)
emb_esmc6b_829,esmc6b,ESMC-6B forward pass on UniProt sequence (layer 64 mean-pool)
emb_esmc6b_830,esmc6b,ESMC-6B forward pass on UniProt sequence (layer 64 mean-pool)
emb_esmc6b_831,esmc6b,ESMC-6B forward pass on UniProt sequence (layer 64 mean-pool)
emb_esmc6b_832,esmc6b,ESMC-6B forward pass on UniProt sequence (layer 64 mean-pool)
emb_esmc6b_833,esmc6b,ESMC-6B forward pass on UniProt sequence (layer 64 mean-pool)
emb_esmc6b_834,esmc6b,ESMC-6B forward pass on UniProt sequence (layer 64 mean-pool)
emb_esmc6b_835,esmc6b,ESMC-6B forward pass on UniProt sequence (layer 64 mean-pool)
emb_esmc6b_836,esmc6b,ESMC-6B forward pass on UniProt sequence (layer 64 mean-pool)
emb_esmc6b_837,esmc6b,ESMC-6B forward pass on UniProt sequence (layer 64 mean-pool)
emb_esmc6b_838,esmc6b,ESMC-6B forward pass on UniProt sequence (layer 64 mean-pool)
emb_esmc6b_839,esmc6b,ESMC-6B forward pass on UniProt sequence (layer 64 mean-pool)
emb_esmc6b_840,esmc6b,ESMC-6B forward pass on UniProt sequence (layer 64 mean-pool)
emb_esmc6b_841,esmc6b,ESMC-6B forward pass on UniProt sequence (layer 64 mean-pool)
emb_esmc6b_842,esmc6b,ESMC-6B forward pass on UniProt sequence (layer 64 mean-pool)
emb_esmc6b_843,esmc6b,ESMC-6B forward pass on UniProt sequence (layer 64 mean-pool)
emb_esmc6b_844,esmc6b,ESMC-6B forward pass on UniProt sequence (layer 64 mean-pool)
emb_esmc6b_845,esmc6b,ESMC-6B forward pass on UniProt sequence (layer 64 mean-pool)
emb_esmc6b_846,esmc6b,ESMC-6B forward pass on UniProt sequence (layer 64 mean-pool)
emb_esmc6b_847,esmc6b,ESMC-6B forward pass on UniProt sequence (layer 64 mean-pool)
emb_esmc6b_848,esmc6b,ESMC-6B forward pass on UniProt sequence (layer 64 mean-pool)
emb_esmc6b_849,esmc6b,ESMC-6B forward pass on UniProt sequence (layer 64 mean-pool)
emb_esmc6b_850,esmc6b,ESMC-6B forward pass on UniProt sequence (layer 64 mean-pool)
emb_esmc6b_851,esmc6b,ESMC-6B forward pass on UniProt sequence (layer 64 mean-pool)
emb_esmc6b_852,esmc6b,ESMC-6B forward pass on UniProt sequence (layer 64 mean-pool)
emb_esmc6b_853,esmc6b,ESMC-6B forward pass on UniProt sequence (layer 64 mean-pool)
emb_esmc6b_854,esmc6b,ESMC-6B forward pass on UniProt sequence (layer 64 mean-pool)
emb_esmc6b_855,esmc6b,ESMC-6B forward pass on UniProt sequence (layer 64 mean-pool)
emb_esmc6b_856,esmc6b,ESMC-6B forward pass on UniProt sequence (layer 64 mean-pool)
emb_esmc6b_857,esmc6b,ESMC-6B forward pass on UniProt sequence (layer 64 mean-pool)
emb_esmc6b_858,esmc6b,ESMC-6B forward pass on UniProt sequence (layer 64 mean-pool)
emb_esmc6b_859,esmc6b,ESMC-6B forward pass on UniProt sequence (layer 64 mean-pool)
emb_esmc6b_860,esmc6b,ESMC-6B forward pass on UniProt sequence (layer 64 mean-pool)
emb_esmc6b_861,esmc6b,ESMC-6B forward pass on UniProt sequence (layer 64 mean-pool)
emb_esmc6b_862,esmc6b,ESMC-6B forward pass on UniProt sequence (layer 64 mean-pool)
emb_esmc6b_863,esmc6b,ESMC-6B forward pass on UniProt sequence (layer 64 mean-pool)
emb_esmc6b_864,esmc6b,ESMC-6B forward pass on UniProt sequence (layer 64 mean-pool)
emb_esmc6b_865,esmc6b,ESMC-6B forward pass on UniProt sequence (layer 64 mean-pool)
emb_esmc6b_866,esmc6b,ESMC-6B forward pass on UniProt sequence (layer 64 mean-pool)
emb_esmc6b_867,esmc6b,ESMC-6B forward pass on UniProt sequence (layer 64 mean-pool)
emb_esmc6b_868,esmc6b,ESMC-6B forward pass on UniProt sequence (layer 64 mean-pool)
emb_esmc6b_869,esmc6b,ESMC-6B forward pass on UniProt sequence (layer 64 mean-pool)
emb_esmc6b_870,esmc6b,ESMC-6B forward pass on UniProt sequence (layer 64 mean-pool)
emb_esmc6b_871,esmc6b,ESMC-6B forward pass on UniProt sequence (layer 64 mean-pool)
emb_esmc6b_872,esmc6b,ESMC-6B forward pass on UniProt sequence (layer 64 mean-pool)
emb_esmc6b_873,esmc6b,ESMC-6B forward pass on UniProt sequence (layer 64 mean-pool)
emb_esmc6b_874,esmc6b,ESMC-6B forward pass on UniProt sequence (layer 64 mean-pool)
emb_esmc6b_875,esmc6b,ESMC-6B forward pass on UniProt sequence (layer 64 mean-pool)
emb_esmc6b_876,esmc6b,ESMC-6B forward pass on UniProt sequence (layer 64 mean-pool)
emb_esmc6b_877,esmc6b,ESMC-6B forward pass on UniProt sequence (layer 64 mean-pool)
emb_esmc6b_878,esmc6b,ESMC-6B forward pass on UniProt sequence (layer 64 mean-pool)
emb_esmc6b_879,esmc6b,ESMC-6B forward pass on UniProt sequence (layer 64 mean-pool)
emb_esmc6b_880,esmc6b,ESMC-6B forward pass on UniProt sequence (layer 64 mean-pool)
emb_esmc6b_881,esmc6b,ESMC-6B forward pass on UniProt sequence (layer 64 mean-pool)
emb_esmc6b_882,esmc6b,ESMC-6B forward pass on UniProt sequence (layer 64 mean-pool)
emb_esmc6b_883,esmc6b,ESMC-6B forward pass on UniProt sequence (layer 64 mean-pool)
emb_esmc6b_884,esmc6b,ESMC-6B forward pass on UniProt sequence (layer 64 mean-pool)
emb_esmc6b_885,esmc6b,ESMC-6B forward pass on UniProt sequence (layer 64 mean-pool)
emb_esmc6b_886,esmc6b,ESMC-6B forward pass on UniProt sequence (layer 64 mean-pool)
emb_esmc6b_887,esmc6b,ESMC-6B forward pass on UniProt sequence (layer 64 mean-pool)
emb_esmc6b_888,esmc6b,ESMC-6B forward pass on UniProt sequence (layer 64 mean-pool)
emb_esmc6b_889,esmc6b,ESMC-6B forward pass on UniProt sequence (layer 64 mean-pool)
emb_esmc6b_890,esmc6b,ESMC-6B forward pass on UniProt sequence (layer 64 mean-pool)
emb_esmc6b_891,esmc6b,ESMC-6B forward pass on UniProt sequence (layer 64 mean-pool)
emb_esmc6b_892,esmc6b,ESMC-6B forward pass on UniProt sequence (layer 64 mean-pool)
emb_esmc6b_893,esmc6b,ESMC-6B forward pass on UniProt sequence (layer 64 mean-pool)
emb_esmc6b_894,esmc6b,ESMC-6B forward pass on UniProt sequence (layer 64 mean-pool)
emb_esmc6b_895,esmc6b,ESMC-6B forward pass on UniProt sequence (layer 64 mean-pool)
emb_esmc6b_896,esmc6b,ESMC-6B forward pass on UniProt sequence (layer 64 mean-pool)
emb_esmc6b_897,esmc6b,ESMC-6B forward pass on UniProt sequence (layer 64 mean-pool)
emb_esmc6b_898,esmc6b,ESMC-6B forward pass on UniProt sequence (layer 64 mean-pool)
emb_esmc6b_899,esmc6b,ESMC-6B forward pass on UniProt sequence (layer 64 mean-pool)
emb_esmc6b_900,esmc6b,ESMC-6B forward pass on UniProt sequence (layer 64 mean-pool)
emb_esmc6b_901,esmc6b,ESMC-6B forward pass on UniProt sequence (layer 64 mean-pool)
emb_esmc6b_902,esmc6b,ESMC-6B forward pass on UniProt sequence (layer 64 mean-pool)
emb_esmc6b_903,esmc6b,ESMC-6B forward pass on UniProt sequence (layer 64 mean-pool)
emb_esmc6b_904,esmc6b,ESMC-6B forward pass on UniProt sequence (layer 64 mean-pool)
emb_esmc6b_905,esmc6b,ESMC-6B forward pass on UniProt sequence (layer 64 mean-pool)
emb_esmc6b_906,esmc6b,ESMC-6B forward pass on UniProt sequence (layer 64 mean-pool)
emb_esmc6b_907,esmc6b,ESMC-6B forward pass on UniProt sequence (layer 64 mean-pool)
emb_esmc6b_908,esmc6b,ESMC-6B forward pass on UniProt sequence (layer 64 mean-pool)
emb_esmc6b_909,esmc6b,ESMC-6B forward pass on UniProt sequence (layer 64 mean-pool)
emb_esmc6b_910,esmc6b,ESMC-6B forward pass on UniProt sequence (layer 64 mean-pool)
emb_esmc6b_911,esmc6b,ESMC-6B forward pass on UniProt sequence (layer 64 mean-pool)
emb_esmc6b_912,esmc6b,ESMC-6B forward pass on UniProt sequence (layer 64 mean-pool)
emb_esmc6b_913,esmc6b,ESMC-6B forward pass on UniProt sequence (layer 64 mean-pool)
emb_esmc6b_914,esmc6b,ESMC-6B forward pass on UniProt sequence (layer 64 mean-pool)
emb_esmc6b_915,esmc6b,ESMC-6B forward pass on UniProt sequence (layer 64 mean-pool)
emb_esmc6b_916,esmc6b,ESMC-6B forward pass on UniProt sequence (layer 64 mean-pool)
emb_esmc6b_917,esmc6b,ESMC-6B forward pass on UniProt sequence (layer 64 mean-pool)
emb_esmc6b_918,esmc6b,ESMC-6B forward pass on UniProt sequence (layer 64 mean-pool)
emb_esmc6b_919,esmc6b,ESMC-6B forward pass on UniProt sequence (layer 64 mean-pool)
emb_esmc6b_920,esmc6b,ESMC-6B forward pass on UniProt sequence (layer 64 mean-pool)
emb_esmc6b_921,esmc6b,ESMC-6B forward pass on UniProt sequence (layer 64 mean-pool)
emb_esmc6b_922,esmc6b,ESMC-6B forward pass on UniProt sequence (layer 64 mean-pool)
emb_esmc6b_923,esmc6b,ESMC-6B forward pass on UniProt sequence (layer 64 mean-pool)
emb_esmc6b_924,esmc6b,ESMC-6B forward pass on UniProt sequence (layer 64 mean-pool)
emb_esmc6b_925,esmc6b,ESMC-6B forward pass on UniProt sequence (layer 64 mean-pool)
emb_esmc6b_926,esmc6b,ESMC-6B forward pass on UniProt sequence (layer 64 mean-pool)
emb_esmc6b_927,esmc6b,ESMC-6B forward pass on UniProt sequence (layer 64 mean-pool)
emb_esmc6b_928,esmc6b,ESMC-6B forward pass on UniProt sequence (layer 64 mean-pool)
emb_esmc6b_929,esmc6b,ESMC-6B forward pass on UniProt sequence (layer 64 mean-pool)
emb_esmc6b_930,esmc6b,ESMC-6B forward pass on UniProt sequence (layer 64 mean-pool)
emb_esmc6b_931,esmc6b,ESMC-6B forward pass on UniProt sequence (layer 64 mean-pool)
emb_esmc6b_932,esmc6b,ESMC-6B forward pass on UniProt sequence (layer 64 mean-pool)
emb_esmc6b_933,esmc6b,ESMC-6B forward pass on UniProt sequence (layer 64 mean-pool)
emb_esmc6b_934,esmc6b,ESMC-6B forward pass on UniProt sequence (layer 64 mean-pool)
emb_esmc6b_935,esmc6b,ESMC-6B forward pass on UniProt sequence (layer 64 mean-pool)
emb_esmc6b_936,esmc6b,ESMC-6B forward pass on UniProt sequence (layer 64 mean-pool)
emb_esmc6b_937,esmc6b,ESMC-6B forward pass on UniProt sequence (layer 64 mean-pool)
emb_esmc6b_938,esmc6b,ESMC-6B forward pass on UniProt sequence (layer 64 mean-pool)
emb_esmc6b_939,esmc6b,ESMC-6B forward pass on UniProt sequence (layer 64 mean-pool)
emb_esmc6b_940,esmc6b,ESMC-6B forward pass on UniProt sequence (layer 64 mean-pool)
emb_esmc6b_941,esmc6b,ESMC-6B forward pass on UniProt sequence (layer 64 mean-pool)
emb_esmc6b_942,esmc6b,ESMC-6B forward pass on UniProt sequence (layer 64 mean-pool)
emb_esmc6b_943,esmc6b,ESMC-6B forward pass on UniProt sequence (layer 64 mean-pool)
emb_esmc6b_944,esmc6b,ESMC-6B forward pass on UniProt sequence (layer 64 mean-pool)
emb_esmc6b_945,esmc6b,ESMC-6B forward pass on UniProt sequence (layer 64 mean-pool)
emb_esmc6b_946,esmc6b,ESMC-6B forward pass on UniProt sequence (layer 64 mean-pool)
emb_esmc6b_947,esmc6b,ESMC-6B forward pass on UniProt sequence (layer 64 mean-pool)
emb_esmc6b_948,esmc6b,ESMC-6B forward pass on UniProt sequence (layer 64 mean-pool)
emb_esmc6b_949,esmc6b,ESMC-6B forward pass on UniProt sequence (layer 64 mean-pool)
emb_esmc6b_950,esmc6b,ESMC-6B forward pass on UniProt sequence (layer 64 mean-pool)
emb_esmc6b_951,esmc6b,ESMC-6B forward pass on UniProt sequence (layer 64 mean-pool)
emb_esmc6b_952,esmc6b,ESMC-6B forward pass on UniProt sequence (layer 64 mean-pool)
emb_esmc6b_953,esmc6b,ESMC-6B forward pass on UniProt sequence (layer 64 mean-pool)
emb_esmc6b_954,esmc6b,ESMC-6B forward pass on UniProt sequence (layer 64 mean-pool)
emb_esmc6b_955,esmc6b,ESMC-6B forward pass on UniProt sequence (layer 64 mean-pool)
emb_esmc6b_956,esmc6b,ESMC-6B forward pass on UniProt sequence (layer 64 mean-pool)
emb_esmc6b_957,esmc6b,ESMC-6B forward pass on UniProt sequence (layer 64 mean-pool)
emb_esmc6b_958,esmc6b,ESMC-6B forward pass on UniProt sequence (layer 64 mean-pool)
emb_esmc6b_959,esmc6b,ESMC-6B forward pass on UniProt sequence (layer 64 mean-pool)
emb_esmc6b_960,esmc6b,ESMC-6B forward pass on UniProt sequence (layer 64 mean-pool)
emb_esmc6b_961,esmc6b,ESMC-6B forward pass on UniProt sequence (layer 64 mean-pool)
emb_esmc6b_962,esmc6b,ESMC-6B forward pass on UniProt sequence (layer 64 mean-pool)
emb_esmc6b_963,esmc6b,ESMC-6B forward pass on UniProt sequence (layer 64 mean-pool)
emb_esmc6b_964,esmc6b,ESMC-6B forward pass on UniProt sequence (layer 64 mean-pool)
emb_esmc6b_965,esmc6b,ESMC-6B forward pass on UniProt sequence (layer 64 mean-pool)
emb_esmc6b_966,esmc6b,ESMC-6B forward pass on UniProt sequence (layer 64 mean-pool)
emb_esmc6b_967,esmc6b,ESMC-6B forward pass on UniProt sequence (layer 64 mean-pool)
emb_esmc6b_968,esmc6b,ESMC-6B forward pass on UniProt sequence (layer 64 mean-pool)
emb_esmc6b_969,esmc6b,ESMC-6B forward pass on UniProt sequence (layer 64 mean-pool)
emb_esmc6b_970,esmc6b,ESMC-6B forward pass on UniProt sequence (layer 64 mean-pool)
emb_esmc6b_971,esmc6b,ESMC-6B forward pass on UniProt sequence (layer 64 mean-pool)
emb_esmc6b_972,esmc6b,ESMC-6B forward pass on UniProt sequence (layer 64 mean-pool)
emb_esmc6b_973,esmc6b,ESMC-6B forward pass on UniProt sequence (layer 64 mean-pool)
emb_esmc6b_974,esmc6b,ESMC-6B forward pass on UniProt sequence (layer 64 mean-pool)
emb_esmc6b_975,esmc6b,ESMC-6B forward pass on UniProt sequence (layer 64 mean-pool)
emb_esmc6b_976,esmc6b,ESMC-6B forward pass on UniProt sequence (layer 64 mean-pool)
emb_esmc6b_977,esmc6b,ESMC-6B forward pass on UniProt sequence (layer 64 mean-pool)
emb_esmc6b_978,esmc6b,ESMC-6B forward pass on UniProt sequence (layer 64 mean-pool)
emb_esmc6b_979,esmc6b,ESMC-6B forward pass on UniProt sequence (layer 64 mean-pool)
emb_esmc6b_980,esmc6b,ESMC-6B forward pass on UniProt sequence (layer 64 mean-pool)
emb_esmc6b_981,esmc6b,ESMC-6B forward pass on UniProt sequence (layer 64 mean-pool)
emb_esmc6b_982,esmc6b,ESMC-6B forward pass on UniProt sequence (layer 64 mean-pool)
emb_esmc6b_983,esmc6b,ESMC-6B forward pass on UniProt sequence (layer 64 mean-pool)
emb_esmc6b_984,esmc6b,ESMC-6B forward pass on UniProt sequence (layer 64 mean-pool)
emb_esmc6b_985,esmc6b,ESMC-6B forward pass on UniProt sequence (layer 64 mean-pool)
emb_esmc6b_986,esmc6b,ESMC-6B forward pass on UniProt sequence (layer 64 mean-pool)
emb_esmc6b_987,esmc6b,ESMC-6B forward pass on UniProt sequence (layer 64 mean-pool)
emb_esmc6b_988,esmc6b,ESMC-6B forward pass on UniProt sequence (layer 64 mean-pool)
emb_esmc6b_989,esmc6b,ESMC-6B forward pass on UniProt sequence (layer 64 mean-pool)
emb_esmc6b_990,esmc6b,ESMC-6B forward pass on UniProt sequence (layer 64 mean-pool)
emb_esmc6b_991,esmc6b,ESMC-6B forward pass on UniProt sequence (layer 64 mean-pool)
emb_esmc6b_992,esmc6b,ESMC-6B forward pass on UniProt sequence (layer 64 mean-pool)
emb_esmc6b_993,esmc6b,ESMC-6B forward pass on UniProt sequence (layer 64 mean-pool)
emb_esmc6b_994,esmc6b,ESMC-6B forward pass on UniProt sequence (layer 64 mean-pool)
emb_esmc6b_995,esmc6b,ESMC-6B forward pass on UniProt sequence (layer 64 mean-pool)
emb_esmc6b_996,esmc6b,ESMC-6B forward pass on UniProt sequence (layer 64 mean-pool)
emb_esmc6b_997,esmc6b,ESMC-6B forward pass on UniProt sequence (layer 64 mean-pool)
emb_esmc6b_998,esmc6b,ESMC-6B forward pass on UniProt sequence (layer 64 mean-pool)
emb_esmc6b_999,esmc6b,ESMC-6B forward pass on UniProt sequence (layer 64 mean-pool)
emb_esmc6b_1000,esmc6b,ESMC-6B forward pass on UniProt sequence (layer 64 mean-pool)
emb_esmc6b_1001,esmc6b,ESMC-6B forward pass on UniProt sequence (layer 64 mean-pool)
emb_esmc6b_1002,esmc6b,ESMC-6B forward pass on UniProt sequence (layer 64 mean-pool)
emb_esmc6b_1003,esmc6b,ESMC-6B forward pass on UniProt sequence (layer 64 mean-pool)
emb_esmc6b_1004,esmc6b,ESMC-6B forward pass on UniProt sequence (layer 64 mean-pool)
emb_esmc6b_1005,esmc6b,ESMC-6B forward pass on UniProt sequence (layer 64 mean-pool)
emb_esmc6b_1006,esmc6b,ESMC-6B forward pass on UniProt sequence (layer 64 mean-pool)
emb_esmc6b_1007,esmc6b,ESMC-6B forward pass on UniProt sequence (layer 64 mean-pool)
emb_esmc6b_1008,esmc6b,ESMC-6B forward pass on UniProt sequence (layer 64 mean-pool)
emb_esmc6b_1009,esmc6b,ESMC-6B forward pass on UniProt sequence (layer 64 mean-pool)
emb_esmc6b_1010,esmc6b,ESMC-6B forward pass on UniProt sequence (layer 64 mean-pool)
emb_esmc6b_1011,esmc6b,ESMC-6B forward pass on UniProt sequence (layer 64 mean-pool)
emb_esmc6b_1012,esmc6b,ESMC-6B forward pass on UniProt sequence (layer 64 mean-pool)
emb_esmc6b_1013,esmc6b,ESMC-6B forward pass on UniProt sequence (layer 64 mean-pool)
emb_esmc6b_1014,esmc6b,ESMC-6B forward pass on UniProt sequence (layer 64 mean-pool)
emb_esmc6b_1015,esmc6b,ESMC-6B forward pass on UniProt sequence (layer 64 mean-pool)
emb_esmc6b_1016,esmc6b,ESMC-6B forward pass on UniProt sequence (layer 64 mean-pool)
emb_esmc6b_1017,esmc6b,ESMC-6B forward pass on UniProt sequence (layer 64 mean-pool)
emb_esmc6b_1018,esmc6b,ESMC-6B forward pass on UniProt sequence (layer 64 mean-pool)
emb_esmc6b_1019,esmc6b,ESMC-6B forward pass on UniProt sequence (layer 64 mean-pool)
emb_esmc6b_1020,esmc6b,ESMC-6B forward pass on UniProt sequence (layer 64 mean-pool)
emb_esmc6b_1021,esmc6b,ESMC-6B forward pass on UniProt sequence (layer 64 mean-pool)
emb_esmc6b_1022,esmc6b,ESMC-6B forward pass on UniProt sequence (layer 64 mean-pool)
emb_esmc6b_1023,esmc6b,ESMC-6B forward pass on UniProt sequence (layer 64 mean-pool)
emb_esmc6b_1024,esmc6b,ESMC-6B forward pass on UniProt sequence (layer 64 mean-pool)
emb_esmc6b_1025,esmc6b,ESMC-6B forward pass on UniProt sequence (layer 64 mean-pool)
emb_esmc6b_1026,esmc6b,ESMC-6B forward pass on UniProt sequence (layer 64 mean-pool)
emb_esmc6b_1027,esmc6b,ESMC-6B forward pass on UniProt sequence (layer 64 mean-pool)
emb_esmc6b_1028,esmc6b,ESMC-6B forward pass on UniProt sequence (layer 64 mean-pool)
emb_esmc6b_1029,esmc6b,ESMC-6B forward pass on UniProt sequence (layer 64 mean-pool)
emb_esmc6b_1030,esmc6b,ESMC-6B forward pass on UniProt sequence (layer 64 mean-pool)
emb_esmc6b_1031,esmc6b,ESMC-6B forward pass on UniProt sequence (layer 64 mean-pool)
emb_esmc6b_1032,esmc6b,ESMC-6B forward pass on UniProt sequence (layer 64 mean-pool)
emb_esmc6b_1033,esmc6b,ESMC-6B forward pass on UniProt sequence (layer 64 mean-pool)
emb_esmc6b_1034,esmc6b,ESMC-6B forward pass on UniProt sequence (layer 64 mean-pool)
emb_esmc6b_1035,esmc6b,ESMC-6B forward pass on UniProt sequence (layer 64 mean-pool)
emb_esmc6b_1036,esmc6b,ESMC-6B forward pass on UniProt sequence (layer 64 mean-pool)
emb_esmc6b_1037,esmc6b,ESMC-6B forward pass on UniProt sequence (layer 64 mean-pool)
emb_esmc6b_1038,esmc6b,ESMC-6B forward pass on UniProt sequence (layer 64 mean-pool)
emb_esmc6b_1039,esmc6b,ESMC-6B forward pass on UniProt sequence (layer 64 mean-pool)
emb_esmc6b_1040,esmc6b,ESMC-6B forward pass on UniProt sequence (layer 64 mean-pool)
emb_esmc6b_1041,esmc6b,ESMC-6B forward pass on UniProt sequence (layer 64 mean-pool)
emb_esmc6b_1042,esmc6b,ESMC-6B forward pass on UniProt sequence (layer 64 mean-pool)
emb_esmc6b_1043,esmc6b,ESMC-6B forward pass on UniProt sequence (layer 64 mean-pool)
emb_esmc6b_1044,esmc6b,ESMC-6B forward pass on UniProt sequence (layer 64 mean-pool)
emb_esmc6b_1045,esmc6b,ESMC-6B forward pass on UniProt sequence (layer 64 mean-pool)
emb_esmc6b_1046,esmc6b,ESMC-6B forward pass on UniProt sequence (layer 64 mean-pool)
emb_esmc6b_1047,esmc6b,ESMC-6B forward pass on UniProt sequence (layer 64 mean-pool)
emb_esmc6b_1048,esmc6b,ESMC-6B forward pass on UniProt sequence (layer 64 mean-pool)
emb_esmc6b_1049,esmc6b,ESMC-6B forward pass on UniProt sequence (layer 64 mean-pool)
emb_esmc6b_1050,esmc6b,ESMC-6B forward pass on UniProt sequence (layer 64 mean-pool)
emb_esmc6b_1051,esmc6b,ESMC-6B forward pass on UniProt sequence (layer 64 mean-pool)
emb_esmc6b_1052,esmc6b,ESMC-6B forward pass on UniProt sequence (layer 64 mean-pool)
emb_esmc6b_1053,esmc6b,ESMC-6B forward pass on UniProt sequence (layer 64 mean-pool)
emb_esmc6b_1054,esmc6b,ESMC-6B forward pass on UniProt sequence (layer 64 mean-pool)
emb_esmc6b_1055,esmc6b,ESMC-6B forward pass on UniProt sequence (layer 64 mean-pool)
emb_esmc6b_1056,esmc6b,ESMC-6B forward pass on UniProt sequence (layer 64 mean-pool)
emb_esmc6b_1057,esmc6b,ESMC-6B forward pass on UniProt sequence (layer 64 mean-pool)
emb_esmc6b_1058,esmc6b,ESMC-6B forward pass on UniProt sequence (layer 64 mean-pool)
emb_esmc6b_1059,esmc6b,ESMC-6B forward pass on UniProt sequence (layer 64 mean-pool)
emb_esmc6b_1060,esmc6b,ESMC-6B forward pass on UniProt sequence (layer 64 mean-pool)
emb_esmc6b_1061,esmc6b,ESMC-6B forward pass on UniProt sequence (layer 64 mean-pool)
emb_esmc6b_1062,esmc6b,ESMC-6B forward pass on UniProt sequence (layer 64 mean-pool)
emb_esmc6b_1063,esmc6b,ESMC-6B forward pass on UniProt sequence (layer 64 mean-pool)
emb_esmc6b_1064,esmc6b,ESMC-6B forward pass on UniProt sequence (layer 64 mean-pool)
emb_esmc6b_1065,esmc6b,ESMC-6B forward pass on UniProt sequence (layer 64 mean-pool)
emb_esmc6b_1066,esmc6b,ESMC-6B forward pass on UniProt sequence (layer 64 mean-pool)
emb_esmc6b_1067,esmc6b,ESMC-6B forward pass on UniProt sequence (layer 64 mean-pool)
emb_esmc6b_1068,esmc6b,ESMC-6B forward pass on UniProt sequence (layer 64 mean-pool)
emb_esmc6b_1069,esmc6b,ESMC-6B forward pass on UniProt sequence (layer 64 mean-pool)
emb_esmc6b_1070,esmc6b,ESMC-6B forward pass on UniProt sequence (layer 64 mean-pool)
emb_esmc6b_1071,esmc6b,ESMC-6B forward pass on UniProt sequence (layer 64 mean-pool)
emb_esmc6b_1072,esmc6b,ESMC-6B forward pass on UniProt sequence (layer 64 mean-pool)
emb_esmc6b_1073,esmc6b,ESMC-6B forward pass on UniProt sequence (layer 64 mean-pool)
emb_esmc6b_1074,esmc6b,ESMC-6B forward pass on UniProt sequence (layer 64 mean-pool)
emb_esmc6b_1075,esmc6b,ESMC-6B forward pass on UniProt sequence (layer 64 mean-pool)
emb_esmc6b_1076,esmc6b,ESMC-6B forward pass on UniProt sequence (layer 64 mean-pool)
emb_esmc6b_1077,esmc6b,ESMC-6B forward pass on UniProt sequence (layer 64 mean-pool)
emb_esmc6b_1078,esmc6b,ESMC-6B forward pass on UniProt sequence (layer 64 mean-pool)
emb_esmc6b_1079,esmc6b,ESMC-6B forward pass on UniProt sequence (layer 64 mean-pool)
emb_esmc6b_1080,esmc6b,ESMC-6B forward pass on UniProt sequence (layer 64 mean-pool)
emb_esmc6b_1081,esmc6b,ESMC-6B forward pass on UniProt sequence (layer 64 mean-pool)
emb_esmc6b_1082,esmc6b,ESMC-6B forward pass on UniProt sequence (layer 64 mean-pool)
emb_esmc6b_1083,esmc6b,ESMC-6B forward pass on UniProt sequence (layer 64 mean-pool)
emb_esmc6b_1084,esmc6b,ESMC-6B forward pass on UniProt sequence (layer 64 mean-pool)
emb_esmc6b_1085,esmc6b,ESMC-6B forward pass on UniProt sequence (layer 64 mean-pool)
emb_esmc6b_1086,esmc6b,ESMC-6B forward pass on UniProt sequence (layer 64 mean-pool)
emb_esmc6b_1087,esmc6b,ESMC-6B forward pass on UniProt sequence (layer 64 mean-pool)
emb_esmc6b_1088,esmc6b,ESMC-6B forward pass on UniProt sequence (layer 64 mean-pool)
emb_esmc6b_1089,esmc6b,ESMC-6B forward pass on UniProt sequence (layer 64 mean-pool)
emb_esmc6b_1090,esmc6b,ESMC-6B forward pass on UniProt sequence (layer 64 mean-pool)
emb_esmc6b_1091,esmc6b,ESMC-6B forward pass on UniProt sequence (layer 64 mean-pool)
emb_esmc6b_1092,esmc6b,ESMC-6B forward pass on UniProt sequence (layer 64 mean-pool)
emb_esmc6b_1093,esmc6b,ESMC-6B forward pass on UniProt sequence (layer 64 mean-pool)
emb_esmc6b_1094,esmc6b,ESMC-6B forward pass on UniProt sequence (layer 64 mean-pool)
emb_esmc6b_1095,esmc6b,ESMC-6B forward pass on UniProt sequence (layer 64 mean-pool)
emb_esmc6b_1096,esmc6b,ESMC-6B forward pass on UniProt sequence (layer 64 mean-pool)
emb_esmc6b_1097,esmc6b,ESMC-6B forward pass on UniProt sequence (layer 64 mean-pool)
emb_esmc6b_1098,esmc6b,ESMC-6B forward pass on UniProt sequence (layer 64 mean-pool)
emb_esmc6b_1099,esmc6b,ESMC-6B forward pass on UniProt sequence (layer 64 mean-pool)
emb_esmc6b_1100,esmc6b,ESMC-6B forward pass on UniProt sequence (layer 64 mean-pool)
emb_esmc6b_1101,esmc6b,ESMC-6B forward pass on UniProt sequence (layer 64 mean-pool)
emb_esmc6b_1102,esmc6b,ESMC-6B forward pass on UniProt sequence (layer 64 mean-pool)
emb_esmc6b_1103,esmc6b,ESMC-6B forward pass on UniProt sequence (layer 64 mean-pool)
emb_esmc6b_1104,esmc6b,ESMC-6B forward pass on UniProt sequence (layer 64 mean-pool)
emb_esmc6b_1105,esmc6b,ESMC-6B forward pass on UniProt sequence (layer 64 mean-pool)
emb_esmc6b_1106,esmc6b,ESMC-6B forward pass on UniProt sequence (layer 64 mean-pool)
emb_esmc6b_1107,esmc6b,ESMC-6B forward pass on UniProt sequence (layer 64 mean-pool)
emb_esmc6b_1108,esmc6b,ESMC-6B forward pass on UniProt sequence (layer 64 mean-pool)
emb_esmc6b_1109,esmc6b,ESMC-6B forward pass on UniProt sequence (layer 64 mean-pool)
emb_esmc6b_1110,esmc6b,ESMC-6B forward pass on UniProt sequence (layer 64 mean-pool)
emb_esmc6b_1111,esmc6b,ESMC-6B forward pass on UniProt sequence (layer 64 mean-pool)
emb_esmc6b_1112,esmc6b,ESMC-6B forward pass on UniProt sequence (layer 64 mean-pool)
emb_esmc6b_1113,esmc6b,ESMC-6B forward pass on UniProt sequence (layer 64 mean-pool)
emb_esmc6b_1114,esmc6b,ESMC-6B forward pass on UniProt sequence (layer 64 mean-pool)
emb_esmc6b_1115,esmc6b,ESMC-6B forward pass on UniProt sequence (layer 64 mean-pool)
emb_esmc6b_1116,esmc6b,ESMC-6B forward pass on UniProt sequence (layer 64 mean-pool)
emb_esmc6b_1117,esmc6b,ESMC-6B forward pass on UniProt sequence (layer 64 mean-pool)
emb_esmc6b_1118,esmc6b,ESMC-6B forward pass on UniProt sequence (layer 64 mean-pool)
emb_esmc6b_1119,esmc6b,ESMC-6B forward pass on UniProt sequence (layer 64 mean-pool)
emb_esmc6b_1120,esmc6b,ESMC-6B forward pass on UniProt sequence (layer 64 mean-pool)
emb_esmc6b_1121,esmc6b,ESMC-6B forward pass on UniProt sequence (layer 64 mean-pool)
emb_esmc6b_1122,esmc6b,ESMC-6B forward pass on UniProt sequence (layer 64 mean-pool)
emb_esmc6b_1123,esmc6b,ESMC-6B forward pass on UniProt sequence (layer 64 mean-pool)
emb_esmc6b_1124,esmc6b,ESMC-6B forward pass on UniProt sequence (layer 64 mean-pool)
emb_esmc6b_1125,esmc6b,ESMC-6B forward pass on UniProt sequence (layer 64 mean-pool)
emb_esmc6b_1126,esmc6b,ESMC-6B forward pass on UniProt sequence (layer 64 mean-pool)
emb_esmc6b_1127,esmc6b,ESMC-6B forward pass on UniProt sequence (layer 64 mean-pool)
emb_esmc6b_1128,esmc6b,ESMC-6B forward pass on UniProt sequence (layer 64 mean-pool)
emb_esmc6b_1129,esmc6b,ESMC-6B forward pass on UniProt sequence (layer 64 mean-pool)
emb_esmc6b_1130,esmc6b,ESMC-6B forward pass on UniProt sequence (layer 64 mean-pool)
emb_esmc6b_1131,esmc6b,ESMC-6B forward pass on UniProt sequence (layer 64 mean-pool)
emb_esmc6b_1132,esmc6b,ESMC-6B forward pass on UniProt sequence (layer 64 mean-pool)
emb_esmc6b_1133,esmc6b,ESMC-6B forward pass on UniProt sequence (layer 64 mean-pool)
emb_esmc6b_1134,esmc6b,ESMC-6B forward pass on UniProt sequence (layer 64 mean-pool)
emb_esmc6b_1135,esmc6b,ESMC-6B forward pass on UniProt sequence (layer 64 mean-pool)
emb_esmc6b_1136,esmc6b,ESMC-6B forward pass on UniProt sequence (layer 64 mean-pool)
emb_esmc6b_1137,esmc6b,ESMC-6B forward pass on UniProt sequence (layer 64 mean-pool)
emb_esmc6b_1138,esmc6b,ESMC-6B forward pass on UniProt sequence (layer 64 mean-pool)
emb_esmc6b_1139,esmc6b,ESMC-6B forward pass on UniProt sequence (layer 64 mean-pool)
emb_esmc6b_1140,esmc6b,ESMC-6B forward pass on UniProt sequence (layer 64 mean-pool)
emb_esmc6b_1141,esmc6b,ESMC-6B forward pass on UniProt sequence (layer 64 mean-pool)
emb_esmc6b_1142,esmc6b,ESMC-6B forward pass on UniProt sequence (layer 64 mean-pool)
emb_esmc6b_1143,esmc6b,ESMC-6B forward pass on UniProt sequence (layer 64 mean-pool)
emb_esmc6b_1144,esmc6b,ESMC-6B forward pass on UniProt sequence (layer 64 mean-pool)
emb_esmc6b_1145,esmc6b,ESMC-6B forward pass on UniProt sequence (layer 64 mean-pool)
emb_esmc6b_1146,esmc6b,ESMC-6B forward pass on UniProt sequence (layer 64 mean-pool)
emb_esmc6b_1147,esmc6b,ESMC-6B forward pass on UniProt sequence (layer 64 mean-pool)
emb_esmc6b_1148,esmc6b,ESMC-6B forward pass on UniProt sequence (layer 64 mean-pool)
emb_esmc6b_1149,esmc6b,ESMC-6B forward pass on UniProt sequence (layer 64 mean-pool)
emb_esmc6b_1150,esmc6b,ESMC-6B forward pass on UniProt sequence (layer 64 mean-pool)
emb_esmc6b_1151,esmc6b,ESMC-6B forward pass on UniProt sequence (layer 64 mean-pool)
emb_esmc6b_1152,esmc6b,ESMC-6B forward pass on UniProt sequence (layer 64 mean-pool)
emb_esmc6b_1153,esmc6b,ESMC-6B forward pass on UniProt sequence (layer 64 mean-pool)
emb_esmc6b_1154,esmc6b,ESMC-6B forward pass on UniProt sequence (layer 64 mean-pool)
emb_esmc6b_1155,esmc6b,ESMC-6B forward pass on UniProt sequence (layer 64 mean-pool)
emb_esmc6b_1156,esmc6b,ESMC-6B forward pass on UniProt sequence (layer 64 mean-pool)
emb_esmc6b_1157,esmc6b,ESMC-6B forward pass on UniProt sequence (layer 64 mean-pool)
emb_esmc6b_1158,esmc6b,ESMC-6B forward pass on UniProt sequence (layer 64 mean-pool)
emb_esmc6b_1159,esmc6b,ESMC-6B forward pass on UniProt sequence (layer 64 mean-pool)
emb_esmc6b_1160,esmc6b,ESMC-6B forward pass on UniProt sequence (layer 64 mean-pool)
emb_esmc6b_1161,esmc6b,ESMC-6B forward pass on UniProt sequence (layer 64 mean-pool)
emb_esmc6b_1162,esmc6b,ESMC-6B forward pass on UniProt sequence (layer 64 mean-pool)
emb_esmc6b_1163,esmc6b,ESMC-6B forward pass on UniProt sequence (layer 64 mean-pool)
emb_esmc6b_1164,esmc6b,ESMC-6B forward pass on UniProt sequence (layer 64 mean-pool)
emb_esmc6b_1165,esmc6b,ESMC-6B forward pass on UniProt sequence (layer 64 mean-pool)
emb_esmc6b_1166,esmc6b,ESMC-6B forward pass on UniProt sequence (layer 64 mean-pool)
emb_esmc6b_1167,esmc6b,ESMC-6B forward pass on UniProt sequence (layer 64 mean-pool)
emb_esmc6b_1168,esmc6b,ESMC-6B forward pass on UniProt sequence (layer 64 mean-pool)
emb_esmc6b_1169,esmc6b,ESMC-6B forward pass on UniProt sequence (layer 64 mean-pool)
emb_esmc6b_1170,esmc6b,ESMC-6B forward pass on UniProt sequence (layer 64 mean-pool)
emb_esmc6b_1171,esmc6b,ESMC-6B forward pass on UniProt sequence (layer 64 mean-pool)
emb_esmc6b_1172,esmc6b,ESMC-6B forward pass on UniProt sequence (layer 64 mean-pool)
emb_esmc6b_1173,esmc6b,ESMC-6B forward pass on UniProt sequence (layer 64 mean-pool)
emb_esmc6b_1174,esmc6b,ESMC-6B forward pass on UniProt sequence (layer 64 mean-pool)
emb_esmc6b_1175,esmc6b,ESMC-6B forward pass on UniProt sequence (layer 64 mean-pool)
emb_esmc6b_1176,esmc6b,ESMC-6B forward pass on UniProt sequence (layer 64 mean-pool)
emb_esmc6b_1177,esmc6b,ESMC-6B forward pass on UniProt sequence (layer 64 mean-pool)
emb_esmc6b_1178,esmc6b,ESMC-6B forward pass on UniProt sequence (layer 64 mean-pool)
emb_esmc6b_1179,esmc6b,ESMC-6B forward pass on UniProt sequence (layer 64 mean-pool)
emb_esmc6b_1180,esmc6b,ESMC-6B forward pass on UniProt sequence (layer 64 mean-pool)
emb_esmc6b_1181,esmc6b,ESMC-6B forward pass on UniProt sequence (layer 64 mean-pool)
emb_esmc6b_1182,esmc6b,ESMC-6B forward pass on UniProt sequence (layer 64 mean-pool)
emb_esmc6b_1183,esmc6b,ESMC-6B forward pass on UniProt sequence (layer 64 mean-pool)
emb_esmc6b_1184,esmc6b,ESMC-6B forward pass on UniProt sequence (layer 64 mean-pool)
emb_esmc6b_1185,esmc6b,ESMC-6B forward pass on UniProt sequence (layer 64 mean-pool)
emb_esmc6b_1186,esmc6b,ESMC-6B forward pass on UniProt sequence (layer 64 mean-pool)
emb_esmc6b_1187,esmc6b,ESMC-6B forward pass on UniProt sequence (layer 64 mean-pool)
emb_esmc6b_1188,esmc6b,ESMC-6B forward pass on UniProt sequence (layer 64 mean-pool)
emb_esmc6b_1189,esmc6b,ESMC-6B forward pass on UniProt sequence (layer 64 mean-pool)
emb_esmc6b_1190,esmc6b,ESMC-6B forward pass on UniProt sequence (layer 64 mean-pool)
emb_esmc6b_1191,esmc6b,ESMC-6B forward pass on UniProt sequence (layer 64 mean-pool)
emb_esmc6b_1192,esmc6b,ESMC-6B forward pass on UniProt sequence (layer 64 mean-pool)
emb_esmc6b_1193,esmc6b,ESMC-6B forward pass on UniProt sequence (layer 64 mean-pool)
emb_esmc6b_1194,esmc6b,ESMC-6B forward pass on UniProt sequence (layer 64 mean-pool)
emb_esmc6b_1195,esmc6b,ESMC-6B forward pass on UniProt sequence (layer 64 mean-pool)
emb_esmc6b_1196,esmc6b,ESMC-6B forward pass on UniProt sequence (layer 64 mean-pool)
emb_esmc6b_1197,esmc6b,ESMC-6B forward pass on UniProt sequence (layer 64 mean-pool)
emb_esmc6b_1198,esmc6b,ESMC-6B forward pass on UniProt sequence (layer 64 mean-pool)
emb_esmc6b_1199,esmc6b,ESMC-6B forward pass on UniProt sequence (layer 64 mean-pool)
emb_esmc6b_1200,esmc6b,ESMC-6B forward pass on UniProt sequence (layer 64 mean-pool)
emb_esmc6b_1201,esmc6b,ESMC-6B forward pass on UniProt sequence (layer 64 mean-pool)
emb_esmc6b_1202,esmc6b,ESMC-6B forward pass on UniProt sequence (layer 64 mean-pool)
emb_esmc6b_1203,esmc6b,ESMC-6B forward pass on UniProt sequence (layer 64 mean-pool)
emb_esmc6b_1204,esmc6b,ESMC-6B forward pass on UniProt sequence (layer 64 mean-pool)
emb_esmc6b_1205,esmc6b,ESMC-6B forward pass on UniProt sequence (layer 64 mean-pool)
emb_esmc6b_1206,esmc6b,ESMC-6B forward pass on UniProt sequence (layer 64 mean-pool)
emb_esmc6b_1207,esmc6b,ESMC-6B forward pass on UniProt sequence (layer 64 mean-pool)
emb_esmc6b_1208,esmc6b,ESMC-6B forward pass on UniProt sequence (layer 64 mean-pool)
emb_esmc6b_1209,esmc6b,ESMC-6B forward pass on UniProt sequence (layer 64 mean-pool)
emb_esmc6b_1210,esmc6b,ESMC-6B forward pass on UniProt sequence (layer 64 mean-pool)
emb_esmc6b_1211,esmc6b,ESMC-6B forward pass on UniProt sequence (layer 64 mean-pool)
emb_esmc6b_1212,esmc6b,ESMC-6B forward pass on UniProt sequence (layer 64 mean-pool)
emb_esmc6b_1213,esmc6b,ESMC-6B forward pass on UniProt sequence (layer 64 mean-pool)
emb_esmc6b_1214,esmc6b,ESMC-6B forward pass on UniProt sequence (layer 64 mean-pool)
emb_esmc6b_1215,esmc6b,ESMC-6B forward pass on UniProt sequence (layer 64 mean-pool)
emb_esmc6b_1216,esmc6b,ESMC-6B forward pass on UniProt sequence (layer 64 mean-pool)
emb_esmc6b_1217,esmc6b,ESMC-6B forward pass on UniProt sequence (layer 64 mean-pool)
emb_esmc6b_1218,esmc6b,ESMC-6B forward pass on UniProt sequence (layer 64 mean-pool)
emb_esmc6b_1219,esmc6b,ESMC-6B forward pass on UniProt sequence (layer 64 mean-pool)
emb_esmc6b_1220,esmc6b,ESMC-6B forward pass on UniProt sequence (layer 64 mean-pool)
emb_esmc6b_1221,esmc6b,ESMC-6B forward pass on UniProt sequence (layer 64 mean-pool)
emb_esmc6b_1222,esmc6b,ESMC-6B forward pass on UniProt sequence (layer 64 mean-pool)
emb_esmc6b_1223,esmc6b,ESMC-6B forward pass on UniProt sequence (layer 64 mean-pool)
emb_esmc6b_1224,esmc6b,ESMC-6B forward pass on UniProt sequence (layer 64 mean-pool)
emb_esmc6b_1225,esmc6b,ESMC-6B forward pass on UniProt sequence (layer 64 mean-pool)
emb_esmc6b_1226,esmc6b,ESMC-6B forward pass on UniProt sequence (layer 64 mean-pool)
emb_esmc6b_1227,esmc6b,ESMC-6B forward pass on UniProt sequence (layer 64 mean-pool)
emb_esmc6b_1228,esmc6b,ESMC-6B forward pass on UniProt sequence (layer 64 mean-pool)
emb_esmc6b_1229,esmc6b,ESMC-6B forward pass on UniProt sequence (layer 64 mean-pool)
emb_esmc6b_1230,esmc6b,ESMC-6B forward pass on UniProt sequence (layer 64 mean-pool)
emb_esmc6b_1231,esmc6b,ESMC-6B forward pass on UniProt sequence (layer 64 mean-pool)
emb_esmc6b_1232,esmc6b,ESMC-6B forward pass on UniProt sequence (layer 64 mean-pool)
emb_esmc6b_1233,esmc6b,ESMC-6B forward pass on UniProt sequence (layer 64 mean-pool)
emb_esmc6b_1234,esmc6b,ESMC-6B forward pass on UniProt sequence (layer 64 mean-pool)
emb_esmc6b_1235,esmc6b,ESMC-6B forward pass on UniProt sequence (layer 64 mean-pool)
emb_esmc6b_1236,esmc6b,ESMC-6B forward pass on UniProt sequence (layer 64 mean-pool)
emb_esmc6b_1237,esmc6b,ESMC-6B forward pass on UniProt sequence (layer 64 mean-pool)
emb_esmc6b_1238,esmc6b,ESMC-6B forward pass on UniProt sequence (layer 64 mean-pool)
emb_esmc6b_1239,esmc6b,ESMC-6B forward pass on UniProt sequence (layer 64 mean-pool)
emb_esmc6b_1240,esmc6b,ESMC-6B forward pass on UniProt sequence (layer 64 mean-pool)
emb_esmc6b_1241,esmc6b,ESMC-6B forward pass on UniProt sequence (layer 64 mean-pool)
emb_esmc6b_1242,esmc6b,ESMC-6B forward pass on UniProt sequence (layer 64 mean-pool)
emb_esmc6b_1243,esmc6b,ESMC-6B forward pass on UniProt sequence (layer 64 mean-pool)
emb_esmc6b_1244,esmc6b,ESMC-6B forward pass on UniProt sequence (layer 64 mean-pool)
emb_esmc6b_1245,esmc6b,ESMC-6B forward pass on UniProt sequence (layer 64 mean-pool)
emb_esmc6b_1246,esmc6b,ESMC-6B forward pass on UniProt sequence (layer 64 mean-pool)
emb_esmc6b_1247,esmc6b,ESMC-6B forward pass on UniProt sequence (layer 64 mean-pool)
emb_esmc6b_1248,esmc6b,ESMC-6B forward pass on UniProt sequence (layer 64 mean-pool)
emb_esmc6b_1249,esmc6b,ESMC-6B forward pass on UniProt sequence (layer 64 mean-pool)
emb_esmc6b_1250,esmc6b,ESMC-6B forward pass on UniProt sequence (layer 64 mean-pool)
emb_esmc6b_1251,esmc6b,ESMC-6B forward pass on UniProt sequence (layer 64 mean-pool)
emb_esmc6b_1252,esmc6b,ESMC-6B forward pass on UniProt sequence (layer 64 mean-pool)
emb_esmc6b_1253,esmc6b,ESMC-6B forward pass on UniProt sequence (layer 64 mean-pool)
emb_esmc6b_1254,esmc6b,ESMC-6B forward pass on UniProt sequence (layer 64 mean-pool)
emb_esmc6b_1255,esmc6b,ESMC-6B forward pass on UniProt sequence (layer 64 mean-pool)
emb_esmc6b_1256,esmc6b,ESMC-6B forward pass on UniProt sequence (layer 64 mean-pool)
emb_esmc6b_1257,esmc6b,ESMC-6B forward pass on UniProt sequence (layer 64 mean-pool)
emb_esmc6b_1258,esmc6b,ESMC-6B forward pass on UniProt sequence (layer 64 mean-pool)
emb_esmc6b_1259,esmc6b,ESMC-6B forward pass on UniProt sequence (layer 64 mean-pool)
emb_esmc6b_1260,esmc6b,ESMC-6B forward pass on UniProt sequence (layer 64 mean-pool)
emb_esmc6b_1261,esmc6b,ESMC-6B forward pass on UniProt sequence (layer 64 mean-pool)
emb_esmc6b_1262,esmc6b,ESMC-6B forward pass on UniProt sequence (layer 64 mean-pool)
emb_esmc6b_1263,esmc6b,ESMC-6B forward pass on UniProt sequence (layer 64 mean-pool)
emb_esmc6b_1264,esmc6b,ESMC-6B forward pass on UniProt sequence (layer 64 mean-pool)
emb_esmc6b_1265,esmc6b,ESMC-6B forward pass on UniProt sequence (layer 64 mean-pool)
emb_esmc6b_1266,esmc6b,ESMC-6B forward pass on UniProt sequence (layer 64 mean-pool)
emb_esmc6b_1267,esmc6b,ESMC-6B forward pass on UniProt sequence (layer 64 mean-pool)
emb_esmc6b_1268,esmc6b,ESMC-6B forward pass on UniProt sequence (layer 64 mean-pool)
emb_esmc6b_1269,esmc6b,ESMC-6B forward pass on UniProt sequence (layer 64 mean-pool)
emb_esmc6b_1270,esmc6b,ESMC-6B forward pass on UniProt sequence (layer 64 mean-pool)
emb_esmc6b_1271,esmc6b,ESMC-6B forward pass on UniProt sequence (layer 64 mean-pool)
emb_esmc6b_1272,esmc6b,ESMC-6B forward pass on UniProt sequence (layer 64 mean-pool)
emb_esmc6b_1273,esmc6b,ESMC-6B forward pass on UniProt sequence (layer 64 mean-pool)
emb_esmc6b_1274,esmc6b,ESMC-6B forward pass on UniProt sequence (layer 64 mean-pool)
emb_esmc6b_1275,esmc6b,ESMC-6B forward pass on UniProt sequence (layer 64 mean-pool)
emb_esmc6b_1276,esmc6b,ESMC-6B forward pass on UniProt sequence (layer 64 mean-pool)
emb_esmc6b_1277,esmc6b,ESMC-6B forward pass on UniProt sequence (layer 64 mean-pool)
emb_esmc6b_1278,esmc6b,ESMC-6B forward pass on UniProt sequence (layer 64 mean-pool)
emb_esmc6b_1279,esmc6b,ESMC-6B forward pass on UniProt sequence (layer 64 mean-pool)
emb_esmc6b_1280,esmc6b,ESMC-6B forward pass on UniProt sequence (layer 64 mean-pool)
emb_esmc6b_1281,esmc6b,ESMC-6B forward pass on UniProt sequence (layer 64 mean-pool)
emb_esmc6b_1282,esmc6b,ESMC-6B forward pass on UniProt sequence (layer 64 mean-pool)
emb_esmc6b_1283,esmc6b,ESMC-6B forward pass on UniProt sequence (layer 64 mean-pool)
emb_esmc6b_1284,esmc6b,ESMC-6B forward pass on UniProt sequence (layer 64 mean-pool)
emb_esmc6b_1285,esmc6b,ESMC-6B forward pass on UniProt sequence (layer 64 mean-pool)
emb_esmc6b_1286,esmc6b,ESMC-6B forward pass on UniProt sequence (layer 64 mean-pool)
emb_esmc6b_1287,esmc6b,ESMC-6B forward pass on UniProt sequence (layer 64 mean-pool)
emb_esmc6b_1288,esmc6b,ESMC-6B forward pass on UniProt sequence (layer 64 mean-pool)
emb_esmc6b_1289,esmc6b,ESMC-6B forward pass on UniProt sequence (layer 64 mean-pool)
emb_esmc6b_1290,esmc6b,ESMC-6B forward pass on UniProt sequence (layer 64 mean-pool)
emb_esmc6b_1291,esmc6b,ESMC-6B forward pass on UniProt sequence (layer 64 mean-pool)
emb_esmc6b_1292,esmc6b,ESMC-6B forward pass on UniProt sequence (layer 64 mean-pool)
emb_esmc6b_1293,esmc6b,ESMC-6B forward pass on UniProt sequence (layer 64 mean-pool)
emb_esmc6b_1294,esmc6b,ESMC-6B forward pass on UniProt sequence (layer 64 mean-pool)
emb_esmc6b_1295,esmc6b,ESMC-6B forward pass on UniProt sequence (layer 64 mean-pool)
emb_esmc6b_1296,esmc6b,ESMC-6B forward pass on UniProt sequence (layer 64 mean-pool)
emb_esmc6b_1297,esmc6b,ESMC-6B forward pass on UniProt sequence (layer 64 mean-pool)
emb_esmc6b_1298,esmc6b,ESMC-6B forward pass on UniProt sequence (layer 64 mean-pool)
emb_esmc6b_1299,esmc6b,ESMC-6B forward pass on UniProt sequence (layer 64 mean-pool)
emb_esmc6b_1300,esmc6b,ESMC-6B forward pass on UniProt sequence (layer 64 mean-pool)
emb_esmc6b_1301,esmc6b,ESMC-6B forward pass on UniProt sequence (layer 64 mean-pool)
emb_esmc6b_1302,esmc6b,ESMC-6B forward pass on UniProt sequence (layer 64 mean-pool)
emb_esmc6b_1303,esmc6b,ESMC-6B forward pass on UniProt sequence (layer 64 mean-pool)
emb_esmc6b_1304,esmc6b,ESMC-6B forward pass on UniProt sequence (layer 64 mean-pool)
emb_esmc6b_1305,esmc6b,ESMC-6B forward pass on UniProt sequence (layer 64 mean-pool)
emb_esmc6b_1306,esmc6b,ESMC-6B forward pass on UniProt sequence (layer 64 mean-pool)
emb_esmc6b_1307,esmc6b,ESMC-6B forward pass on UniProt sequence (layer 64 mean-pool)
emb_esmc6b_1308,esmc6b,ESMC-6B forward pass on UniProt sequence (layer 64 mean-pool)
emb_esmc6b_1309,esmc6b,ESMC-6B forward pass on UniProt sequence (layer 64 mean-pool)
emb_esmc6b_1310,esmc6b,ESMC-6B forward pass on UniProt sequence (layer 64 mean-pool)
emb_esmc6b_1311,esmc6b,ESMC-6B forward pass on UniProt sequence (layer 64 mean-pool)
emb_esmc6b_1312,esmc6b,ESMC-6B forward pass on UniProt sequence (layer 64 mean-pool)
emb_esmc6b_1313,esmc6b,ESMC-6B forward pass on UniProt sequence (layer 64 mean-pool)
emb_esmc6b_1314,esmc6b,ESMC-6B forward pass on UniProt sequence (layer 64 mean-pool)
emb_esmc6b_1315,esmc6b,ESMC-6B forward pass on UniProt sequence (layer 64 mean-pool)
emb_esmc6b_1316,esmc6b,ESMC-6B forward pass on UniProt sequence (layer 64 mean-pool)
emb_esmc6b_1317,esmc6b,ESMC-6B forward pass on UniProt sequence (layer 64 mean-pool)
emb_esmc6b_1318,esmc6b,ESMC-6B forward pass on UniProt sequence (layer 64 mean-pool)
emb_esmc6b_1319,esmc6b,ESMC-6B forward pass on UniProt sequence (layer 64 mean-pool)
emb_esmc6b_1320,esmc6b,ESMC-6B forward pass on UniProt sequence (layer 64 mean-pool)
emb_esmc6b_1321,esmc6b,ESMC-6B forward pass on UniProt sequence (layer 64 mean-pool)
emb_esmc6b_1322,esmc6b,ESMC-6B forward pass on UniProt sequence (layer 64 mean-pool)
emb_esmc6b_1323,esmc6b,ESMC-6B forward pass on UniProt sequence (layer 64 mean-pool)
emb_esmc6b_1324,esmc6b,ESMC-6B forward pass on UniProt sequence (layer 64 mean-pool)
emb_esmc6b_1325,esmc6b,ESMC-6B forward pass on UniProt sequence (layer 64 mean-pool)
emb_esmc6b_1326,esmc6b,ESMC-6B forward pass on UniProt sequence (layer 64 mean-pool)
emb_esmc6b_1327,esmc6b,ESMC-6B forward pass on UniProt sequence (layer 64 mean-pool)
emb_esmc6b_1328,esmc6b,ESMC-6B forward pass on UniProt sequence (layer 64 mean-pool)
emb_esmc6b_1329,esmc6b,ESMC-6B forward pass on UniProt sequence (layer 64 mean-pool)
emb_esmc6b_1330,esmc6b,ESMC-6B forward pass on UniProt sequence (layer 64 mean-pool)
emb_esmc6b_1331,esmc6b,ESMC-6B forward pass on UniProt sequence (layer 64 mean-pool)
emb_esmc6b_1332,esmc6b,ESMC-6B forward pass on UniProt sequence (layer 64 mean-pool)
emb_esmc6b_1333,esmc6b,ESMC-6B forward pass on UniProt sequence (layer 64 mean-pool)
emb_esmc6b_1334,esmc6b,ESMC-6B forward pass on UniProt sequence (layer 64 mean-pool)
emb_esmc6b_1335,esmc6b,ESMC-6B forward pass on UniProt sequence (layer 64 mean-pool)
emb_esmc6b_1336,esmc6b,ESMC-6B forward pass on UniProt sequence (layer 64 mean-pool)
emb_esmc6b_1337,esmc6b,ESMC-6B forward pass on UniProt sequence (layer 64 mean-pool)
emb_esmc6b_1338,esmc6b,ESMC-6B forward pass on UniProt sequence (layer 64 mean-pool)
emb_esmc6b_1339,esmc6b,ESMC-6B forward pass on UniProt sequence (layer 64 mean-pool)
emb_esmc6b_1340,esmc6b,ESMC-6B forward pass on UniProt sequence (layer 64 mean-pool)
emb_esmc6b_1341,esmc6b,ESMC-6B forward pass on UniProt sequence (layer 64 mean-pool)
emb_esmc6b_1342,esmc6b,ESMC-6B forward pass on UniProt sequence (layer 64 mean-pool)
emb_esmc6b_1343,esmc6b,ESMC-6B forward pass on UniProt sequence (layer 64 mean-pool)
emb_esmc6b_1344,esmc6b,ESMC-6B forward pass on UniProt sequence (layer 64 mean-pool)
emb_esmc6b_1345,esmc6b,ESMC-6B forward pass on UniProt sequence (layer 64 mean-pool)
emb_esmc6b_1346,esmc6b,ESMC-6B forward pass on UniProt sequence (layer 64 mean-pool)
emb_esmc6b_1347,esmc6b,ESMC-6B forward pass on UniProt sequence (layer 64 mean-pool)
emb_esmc6b_1348,esmc6b,ESMC-6B forward pass on UniProt sequence (layer 64 mean-pool)
emb_esmc6b_1349,esmc6b,ESMC-6B forward pass on UniProt sequence (layer 64 mean-pool)
emb_esmc6b_1350,esmc6b,ESMC-6B forward pass on UniProt sequence (layer 64 mean-pool)
emb_esmc6b_1351,esmc6b,ESMC-6B forward pass on UniProt sequence (layer 64 mean-pool)
emb_esmc6b_1352,esmc6b,ESMC-6B forward pass on UniProt sequence (layer 64 mean-pool)
emb_esmc6b_1353,esmc6b,ESMC-6B forward pass on UniProt sequence (layer 64 mean-pool)
emb_esmc6b_1354,esmc6b,ESMC-6B forward pass on UniProt sequence (layer 64 mean-pool)
emb_esmc6b_1355,esmc6b,ESMC-6B forward pass on UniProt sequence (layer 64 mean-pool)
emb_esmc6b_1356,esmc6b,ESMC-6B forward pass on UniProt sequence (layer 64 mean-pool)
emb_esmc6b_1357,esmc6b,ESMC-6B forward pass on UniProt sequence (layer 64 mean-pool)
emb_esmc6b_1358,esmc6b,ESMC-6B forward pass on UniProt sequence (layer 64 mean-pool)
emb_esmc6b_1359,esmc6b,ESMC-6B forward pass on UniProt sequence (layer 64 mean-pool)
emb_esmc6b_1360,esmc6b,ESMC-6B forward pass on UniProt sequence (layer 64 mean-pool)
emb_esmc6b_1361,esmc6b,ESMC-6B forward pass on UniProt sequence (layer 64 mean-pool)
emb_esmc6b_1362,esmc6b,ESMC-6B forward pass on UniProt sequence (layer 64 mean-pool)
emb_esmc6b_1363,esmc6b,ESMC-6B forward pass on UniProt sequence (layer 64 mean-pool)
emb_esmc6b_1364,esmc6b,ESMC-6B forward pass on UniProt sequence (layer 64 mean-pool)
emb_esmc6b_1365,esmc6b,ESMC-6B forward pass on UniProt sequence (layer 64 mean-pool)
emb_esmc6b_1366,esmc6b,ESMC-6B forward pass on UniProt sequence (layer 64 mean-pool)
emb_esmc6b_1367,esmc6b,ESMC-6B forward pass on UniProt sequence (layer 64 mean-pool)
emb_esmc6b_1368,esmc6b,ESMC-6B forward pass on UniProt sequence (layer 64 mean-pool)
emb_esmc6b_1369,esmc6b,ESMC-6B forward pass on UniProt sequence (layer 64 mean-pool)
emb_esmc6b_1370,esmc6b,ESMC-6B forward pass on UniProt sequence (layer 64 mean-pool)
emb_esmc6b_1371,esmc6b,ESMC-6B forward pass on UniProt sequence (layer 64 mean-pool)
emb_esmc6b_1372,esmc6b,ESMC-6B forward pass on UniProt sequence (layer 64 mean-pool)
emb_esmc6b_1373,esmc6b,ESMC-6B forward pass on UniProt sequence (layer 64 mean-pool)
emb_esmc6b_1374,esmc6b,ESMC-6B forward pass on UniProt sequence (layer 64 mean-pool)
emb_esmc6b_1375,esmc6b,ESMC-6B forward pass on UniProt sequence (layer 64 mean-pool)
emb_esmc6b_1376,esmc6b,ESMC-6B forward pass on UniProt sequence (layer 64 mean-pool)
emb_esmc6b_1377,esmc6b,ESMC-6B forward pass on UniProt sequence (layer 64 mean-pool)
emb_esmc6b_1378,esmc6b,ESMC-6B forward pass on UniProt sequence (layer 64 mean-pool)
emb_esmc6b_1379,esmc6b,ESMC-6B forward pass on UniProt sequence (layer 64 mean-pool)
emb_esmc6b_1380,esmc6b,ESMC-6B forward pass on UniProt sequence (layer 64 mean-pool)
emb_esmc6b_1381,esmc6b,ESMC-6B forward pass on UniProt sequence (layer 64 mean-pool)
emb_esmc6b_1382,esmc6b,ESMC-6B forward pass on UniProt sequence (layer 64 mean-pool)
emb_esmc6b_1383,esmc6b,ESMC-6B forward pass on UniProt sequence (layer 64 mean-pool)
emb_esmc6b_1384,esmc6b,ESMC-6B forward pass on UniProt sequence (layer 64 mean-pool)
emb_esmc6b_1385,esmc6b,ESMC-6B forward pass on UniProt sequence (layer 64 mean-pool)
emb_esmc6b_1386,esmc6b,ESMC-6B forward pass on UniProt sequence (layer 64 mean-pool)
emb_esmc6b_1387,esmc6b,ESMC-6B forward pass on UniProt sequence (layer 64 mean-pool)
emb_esmc6b_1388,esmc6b,ESMC-6B forward pass on UniProt sequence (layer 64 mean-pool)
emb_esmc6b_1389,esmc6b,ESMC-6B forward pass on UniProt sequence (layer 64 mean-pool)
emb_esmc6b_1390,esmc6b,ESMC-6B forward pass on UniProt sequence (layer 64 mean-pool)
emb_esmc6b_1391,esmc6b,ESMC-6B forward pass on UniProt sequence (layer 64 mean-pool)
emb_esmc6b_1392,esmc6b,ESMC-6B forward pass on UniProt sequence (layer 64 mean-pool)
emb_esmc6b_1393,esmc6b,ESMC-6B forward pass on UniProt sequence (layer 64 mean-pool)
emb_esmc6b_1394,esmc6b,ESMC-6B forward pass on UniProt sequence (layer 64 mean-pool)
emb_esmc6b_1395,esmc6b,ESMC-6B forward pass on UniProt sequence (layer 64 mean-pool)
emb_esmc6b_1396,esmc6b,ESMC-6B forward pass on UniProt sequence (layer 64 mean-pool)
emb_esmc6b_1397,esmc6b,ESMC-6B forward pass on UniProt sequence (layer 64 mean-pool)
emb_esmc6b_1398,esmc6b,ESMC-6B forward pass on UniProt sequence (layer 64 mean-pool)
emb_esmc6b_1399,esmc6b,ESMC-6B forward pass on UniProt sequence (layer 64 mean-pool)
emb_esmc6b_1400,esmc6b,ESMC-6B forward pass on UniProt sequence (layer 64 mean-pool)
emb_esmc6b_1401,esmc6b,ESMC-6B forward pass on UniProt sequence (layer 64 mean-pool)
emb_esmc6b_1402,esmc6b,ESMC-6B forward pass on UniProt sequence (layer 64 mean-pool)
emb_esmc6b_1403,esmc6b,ESMC-6B forward pass on UniProt sequence (layer 64 mean-pool)
emb_esmc6b_1404,esmc6b,ESMC-6B forward pass on UniProt sequence (layer 64 mean-pool)
emb_esmc6b_1405,esmc6b,ESMC-6B forward pass on UniProt sequence (layer 64 mean-pool)
emb_esmc6b_1406,esmc6b,ESMC-6B forward pass on UniProt sequence (layer 64 mean-pool)
emb_esmc6b_1407,esmc6b,ESMC-6B forward pass on UniProt sequence (layer 64 mean-pool)
emb_esmc6b_1408,esmc6b,ESMC-6B forward pass on UniProt sequence (layer 64 mean-pool)
emb_esmc6b_1409,esmc6b,ESMC-6B forward pass on UniProt sequence (layer 64 mean-pool)
emb_esmc6b_1410,esmc6b,ESMC-6B forward pass on UniProt sequence (layer 64 mean-pool)
emb_esmc6b_1411,esmc6b,ESMC-6B forward pass on UniProt sequence (layer 64 mean-pool)
emb_esmc6b_1412,esmc6b,ESMC-6B forward pass on UniProt sequence (layer 64 mean-pool)
emb_esmc6b_1413,esmc6b,ESMC-6B forward pass on UniProt sequence (layer 64 mean-pool)
emb_esmc6b_1414,esmc6b,ESMC-6B forward pass on UniProt sequence (layer 64 mean-pool)
emb_esmc6b_1415,esmc6b,ESMC-6B forward pass on UniProt sequence (layer 64 mean-pool)
emb_esmc6b_1416,esmc6b,ESMC-6B forward pass on UniProt sequence (layer 64 mean-pool)
emb_esmc6b_1417,esmc6b,ESMC-6B forward pass on UniProt sequence (layer 64 mean-pool)
emb_esmc6b_1418,esmc6b,ESMC-6B forward pass on UniProt sequence (layer 64 mean-pool)
emb_esmc6b_1419,esmc6b,ESMC-6B forward pass on UniProt sequence (layer 64 mean-pool)
emb_esmc6b_1420,esmc6b,ESMC-6B forward pass on UniProt sequence (layer 64 mean-pool)
emb_esmc6b_1421,esmc6b,ESMC-6B forward pass on UniProt sequence (layer 64 mean-pool)
emb_esmc6b_1422,esmc6b,ESMC-6B forward pass on UniProt sequence (layer 64 mean-pool)
emb_esmc6b_1423,esmc6b,ESMC-6B forward pass on UniProt sequence (layer 64 mean-pool)
emb_esmc6b_1424,esmc6b,ESMC-6B forward pass on UniProt sequence (layer 64 mean-pool)
emb_esmc6b_1425,esmc6b,ESMC-6B forward pass on UniProt sequence (layer 64 mean-pool)
emb_esmc6b_1426,esmc6b,ESMC-6B forward pass on UniProt sequence (layer 64 mean-pool)
emb_esmc6b_1427,esmc6b,ESMC-6B forward pass on UniProt sequence (layer 64 mean-pool)
emb_esmc6b_1428,esmc6b,ESMC-6B forward pass on UniProt sequence (layer 64 mean-pool)
emb_esmc6b_1429,esmc6b,ESMC-6B forward pass on UniProt sequence (layer 64 mean-pool)
emb_esmc6b_1430,esmc6b,ESMC-6B forward pass on UniProt sequence (layer 64 mean-pool)
emb_esmc6b_1431,esmc6b,ESMC-6B forward pass on UniProt sequence (layer 64 mean-pool)
emb_esmc6b_1432,esmc6b,ESMC-6B forward pass on UniProt sequence (layer 64 mean-pool)
emb_esmc6b_1433,esmc6b,ESMC-6B forward pass on UniProt sequence (layer 64 mean-pool)
emb_esmc6b_1434,esmc6b,ESMC-6B forward pass on UniProt sequence (layer 64 mean-pool)
emb_esmc6b_1435,esmc6b,ESMC-6B forward pass on UniProt sequence (layer 64 mean-pool)
emb_esmc6b_1436,esmc6b,ESMC-6B forward pass on UniProt sequence (layer 64 mean-pool)
emb_esmc6b_1437,esmc6b,ESMC-6B forward pass on UniProt sequence (layer 64 mean-pool)
emb_esmc6b_1438,esmc6b,ESMC-6B forward pass on UniProt sequence (layer 64 mean-pool)
emb_esmc6b_1439,esmc6b,ESMC-6B forward pass on UniProt sequence (layer 64 mean-pool)
emb_esmc6b_1440,esmc6b,ESMC-6B forward pass on UniProt sequence (layer 64 mean-pool)
emb_esmc6b_1441,esmc6b,ESMC-6B forward pass on UniProt sequence (layer 64 mean-pool)
emb_esmc6b_1442,esmc6b,ESMC-6B forward pass on UniProt sequence (layer 64 mean-pool)
emb_esmc6b_1443,esmc6b,ESMC-6B forward pass on UniProt sequence (layer 64 mean-pool)
emb_esmc6b_1444,esmc6b,ESMC-6B forward pass on UniProt sequence (layer 64 mean-pool)
emb_esmc6b_1445,esmc6b,ESMC-6B forward pass on UniProt sequence (layer 64 mean-pool)
emb_esmc6b_1446,esmc6b,ESMC-6B forward pass on UniProt sequence (layer 64 mean-pool)
emb_esmc6b_1447,esmc6b,ESMC-6B forward pass on UniProt sequence (layer 64 mean-pool)
emb_esmc6b_1448,esmc6b,ESMC-6B forward pass on UniProt sequence (layer 64 mean-pool)
emb_esmc6b_1449,esmc6b,ESMC-6B forward pass on UniProt sequence (layer 64 mean-pool)
emb_esmc6b_1450,esmc6b,ESMC-6B forward pass on UniProt sequence (layer 64 mean-pool)
emb_esmc6b_1451,esmc6b,ESMC-6B forward pass on UniProt sequence (layer 64 mean-pool)
emb_esmc6b_1452,esmc6b,ESMC-6B forward pass on UniProt sequence (layer 64 mean-pool)
emb_esmc6b_1453,esmc6b,ESMC-6B forward pass on UniProt sequence (layer 64 mean-pool)
emb_esmc6b_1454,esmc6b,ESMC-6B forward pass on UniProt sequence (layer 64 mean-pool)
emb_esmc6b_1455,esmc6b,ESMC-6B forward pass on UniProt sequence (layer 64 mean-pool)
emb_esmc6b_1456,esmc6b,ESMC-6B forward pass on UniProt sequence (layer 64 mean-pool)
emb_esmc6b_1457,esmc6b,ESMC-6B forward pass on UniProt sequence (layer 64 mean-pool)
emb_esmc6b_1458,esmc6b,ESMC-6B forward pass on UniProt sequence (layer 64 mean-pool)
emb_esmc6b_1459,esmc6b,ESMC-6B forward pass on UniProt sequence (layer 64 mean-pool)
emb_esmc6b_1460,esmc6b,ESMC-6B forward pass on UniProt sequence (layer 64 mean-pool)
emb_esmc6b_1461,esmc6b,ESMC-6B forward pass on UniProt sequence (layer 64 mean-pool)
emb_esmc6b_1462,esmc6b,ESMC-6B forward pass on UniProt sequence (layer 64 mean-pool)
emb_esmc6b_1463,esmc6b,ESMC-6B forward pass on UniProt sequence (layer 64 mean-pool)
emb_esmc6b_1464,esmc6b,ESMC-6B forward pass on UniProt sequence (layer 64 mean-pool)
emb_esmc6b_1465,esmc6b,ESMC-6B forward pass on UniProt sequence (layer 64 mean-pool)
emb_esmc6b_1466,esmc6b,ESMC-6B forward pass on UniProt sequence (layer 64 mean-pool)
emb_esmc6b_1467,esmc6b,ESMC-6B forward pass on UniProt sequence (layer 64 mean-pool)
emb_esmc6b_1468,esmc6b,ESMC-6B forward pass on UniProt sequence (layer 64 mean-pool)
emb_esmc6b_1469,esmc6b,ESMC-6B forward pass on UniProt sequence (layer 64 mean-pool)
emb_esmc6b_1470,esmc6b,ESMC-6B forward pass on UniProt sequence (layer 64 mean-pool)
emb_esmc6b_1471,esmc6b,ESMC-6B forward pass on UniProt sequence (layer 64 mean-pool)
emb_esmc6b_1472,esmc6b,ESMC-6B forward pass on UniProt sequence (layer 64 mean-pool)
emb_esmc6b_1473,esmc6b,ESMC-6B forward pass on UniProt sequence (layer 64 mean-pool)
emb_esmc6b_1474,esmc6b,ESMC-6B forward pass on UniProt sequence (layer 64 mean-pool)
emb_esmc6b_1475,esmc6b,ESMC-6B forward pass on UniProt sequence (layer 64 mean-pool)
emb_esmc6b_1476,esmc6b,ESMC-6B forward pass on UniProt sequence (layer 64 mean-pool)
emb_esmc6b_1477,esmc6b,ESMC-6B forward pass on UniProt sequence (layer 64 mean-pool)
emb_esmc6b_1478,esmc6b,ESMC-6B forward pass on UniProt sequence (layer 64 mean-pool)
emb_esmc6b_1479,esmc6b,ESMC-6B forward pass on UniProt sequence (layer 64 mean-pool)
emb_esmc6b_1480,esmc6b,ESMC-6B forward pass on UniProt sequence (layer 64 mean-pool)
emb_esmc6b_1481,esmc6b,ESMC-6B forward pass on UniProt sequence (layer 64 mean-pool)
emb_esmc6b_1482,esmc6b,ESMC-6B forward pass on UniProt sequence (layer 64 mean-pool)
emb_esmc6b_1483,esmc6b,ESMC-6B forward pass on UniProt sequence (layer 64 mean-pool)
emb_esmc6b_1484,esmc6b,ESMC-6B forward pass on UniProt sequence (layer 64 mean-pool)
emb_esmc6b_1485,esmc6b,ESMC-6B forward pass on UniProt sequence (layer 64 mean-pool)
emb_esmc6b_1486,esmc6b,ESMC-6B forward pass on UniProt sequence (layer 64 mean-pool)
emb_esmc6b_1487,esmc6b,ESMC-6B forward pass on UniProt sequence (layer 64 mean-pool)
emb_esmc6b_1488,esmc6b,ESMC-6B forward pass on UniProt sequence (layer 64 mean-pool)
emb_esmc6b_1489,esmc6b,ESMC-6B forward pass on UniProt sequence (layer 64 mean-pool)
emb_esmc6b_1490,esmc6b,ESMC-6B forward pass on UniProt sequence (layer 64 mean-pool)
emb_esmc6b_1491,esmc6b,ESMC-6B forward pass on UniProt sequence (layer 64 mean-pool)
emb_esmc6b_1492,esmc6b,ESMC-6B forward pass on UniProt sequence (layer 64 mean-pool)
emb_esmc6b_1493,esmc6b,ESMC-6B forward pass on UniProt sequence (layer 64 mean-pool)
emb_esmc6b_1494,esmc6b,ESMC-6B forward pass on UniProt sequence (layer 64 mean-pool)
emb_esmc6b_1495,esmc6b,ESMC-6B forward pass on UniProt sequence (layer 64 mean-pool)
emb_esmc6b_1496,esmc6b,ESMC-6B forward pass on UniProt sequence (layer 64 mean-pool)
emb_esmc6b_1497,esmc6b,ESMC-6B forward pass on UniProt sequence (layer 64 mean-pool)
emb_esmc6b_1498,esmc6b,ESMC-6B forward pass on UniProt sequence (layer 64 mean-pool)
emb_esmc6b_1499,esmc6b,ESMC-6B forward pass on UniProt sequence (layer 64 mean-pool)
emb_esmc6b_1500,esmc6b,ESMC-6B forward pass on UniProt sequence (layer 64 mean-pool)
emb_esmc6b_1501,esmc6b,ESMC-6B forward pass on UniProt sequence (layer 64 mean-pool)
emb_esmc6b_1502,esmc6b,ESMC-6B forward pass on UniProt sequence (layer 64 mean-pool)
emb_esmc6b_1503,esmc6b,ESMC-6B forward pass on UniProt sequence (layer 64 mean-pool)
emb_esmc6b_1504,esmc6b,ESMC-6B forward pass on UniProt sequence (layer 64 mean-pool)
emb_esmc6b_1505,esmc6b,ESMC-6B forward pass on UniProt sequence (layer 64 mean-pool)
emb_esmc6b_1506,esmc6b,ESMC-6B forward pass on UniProt sequence (layer 64 mean-pool)
emb_esmc6b_1507,esmc6b,ESMC-6B forward pass on UniProt sequence (layer 64 mean-pool)
emb_esmc6b_1508,esmc6b,ESMC-6B forward pass on UniProt sequence (layer 64 mean-pool)
emb_esmc6b_1509,esmc6b,ESMC-6B forward pass on UniProt sequence (layer 64 mean-pool)
emb_esmc6b_1510,esmc6b,ESMC-6B forward pass on UniProt sequence (layer 64 mean-pool)
emb_esmc6b_1511,esmc6b,ESMC-6B forward pass on UniProt sequence (layer 64 mean-pool)
emb_esmc6b_1512,esmc6b,ESMC-6B forward pass on UniProt sequence (layer 64 mean-pool)
emb_esmc6b_1513,esmc6b,ESMC-6B forward pass on UniProt sequence (layer 64 mean-pool)
emb_esmc6b_1514,esmc6b,ESMC-6B forward pass on UniProt sequence (layer 64 mean-pool)
emb_esmc6b_1515,esmc6b,ESMC-6B forward pass on UniProt sequence (layer 64 mean-pool)
emb_esmc6b_1516,esmc6b,ESMC-6B forward pass on UniProt sequence (layer 64 mean-pool)
emb_esmc6b_1517,esmc6b,ESMC-6B forward pass on UniProt sequence (layer 64 mean-pool)
emb_esmc6b_1518,esmc6b,ESMC-6B forward pass on UniProt sequence (layer 64 mean-pool)
emb_esmc6b_1519,esmc6b,ESMC-6B forward pass on UniProt sequence (layer 64 mean-pool)
emb_esmc6b_1520,esmc6b,ESMC-6B forward pass on UniProt sequence (layer 64 mean-pool)
emb_esmc6b_1521,esmc6b,ESMC-6B forward pass on UniProt sequence (layer 64 mean-pool)
emb_esmc6b_1522,esmc6b,ESMC-6B forward pass on UniProt sequence (layer 64 mean-pool)
emb_esmc6b_1523,esmc6b,ESMC-6B forward pass on UniProt sequence (layer 64 mean-pool)
emb_esmc6b_1524,esmc6b,ESMC-6B forward pass on UniProt sequence (layer 64 mean-pool)
emb_esmc6b_1525,esmc6b,ESMC-6B forward pass on UniProt sequence (layer 64 mean-pool)
emb_esmc6b_1526,esmc6b,ESMC-6B forward pass on UniProt sequence (layer 64 mean-pool)
emb_esmc6b_1527,esmc6b,ESMC-6B forward pass on UniProt sequence (layer 64 mean-pool)
emb_esmc6b_1528,esmc6b,ESMC-6B forward pass on UniProt sequence (layer 64 mean-pool)
emb_esmc6b_1529,esmc6b,ESMC-6B forward pass on UniProt sequence (layer 64 mean-pool)
emb_esmc6b_1530,esmc6b,ESMC-6B forward pass on UniProt sequence (layer 64 mean-pool)
emb_esmc6b_1531,esmc6b,ESMC-6B forward pass on UniProt sequence (layer 64 mean-pool)
emb_esmc6b_1532,esmc6b,ESMC-6B forward pass on UniProt sequence (layer 64 mean-pool)
emb_esmc6b_1533,esmc6b,ESMC-6B forward pass on UniProt sequence (layer 64 mean-pool)
emb_esmc6b_1534,esmc6b,ESMC-6B forward pass on UniProt sequence (layer 64 mean-pool)
emb_esmc6b_1535,esmc6b,ESMC-6B forward pass on UniProt sequence (layer 64 mean-pool)
emb_esmc6b_1536,esmc6b,ESMC-6B forward pass on UniProt sequence (layer 64 mean-pool)
emb_esmc6b_1537,esmc6b,ESMC-6B forward pass on UniProt sequence (layer 64 mean-pool)
emb_esmc6b_1538,esmc6b,ESMC-6B forward pass on UniProt sequence (layer 64 mean-pool)
emb_esmc6b_1539,esmc6b,ESMC-6B forward pass on UniProt sequence (layer 64 mean-pool)
emb_esmc6b_1540,esmc6b,ESMC-6B forward pass on UniProt sequence (layer 64 mean-pool)
emb_esmc6b_1541,esmc6b,ESMC-6B forward pass on UniProt sequence (layer 64 mean-pool)
emb_esmc6b_1542,esmc6b,ESMC-6B forward pass on UniProt sequence (layer 64 mean-pool)
emb_esmc6b_1543,esmc6b,ESMC-6B forward pass on UniProt sequence (layer 64 mean-pool)
emb_esmc6b_1544,esmc6b,ESMC-6B forward pass on UniProt sequence (layer 64 mean-pool)
emb_esmc6b_1545,esmc6b,ESMC-6B forward pass on UniProt sequence (layer 64 mean-pool)
emb_esmc6b_1546,esmc6b,ESMC-6B forward pass on UniProt sequence (layer 64 mean-pool)
emb_esmc6b_1547,esmc6b,ESMC-6B forward pass on UniProt sequence (layer 64 mean-pool)
emb_esmc6b_1548,esmc6b,ESMC-6B forward pass on UniProt sequence (layer 64 mean-pool)
emb_esmc6b_1549,esmc6b,ESMC-6B forward pass on UniProt sequence (layer 64 mean-pool)
emb_esmc6b_1550,esmc6b,ESMC-6B forward pass on UniProt sequence (layer 64 mean-pool)
emb_esmc6b_1551,esmc6b,ESMC-6B forward pass on UniProt sequence (layer 64 mean-pool)
emb_esmc6b_1552,esmc6b,ESMC-6B forward pass on UniProt sequence (layer 64 mean-pool)
emb_esmc6b_1553,esmc6b,ESMC-6B forward pass on UniProt sequence (layer 64 mean-pool)
emb_esmc6b_1554,esmc6b,ESMC-6B forward pass on UniProt sequence (layer 64 mean-pool)
emb_esmc6b_1555,esmc6b,ESMC-6B forward pass on UniProt sequence (layer 64 mean-pool)
emb_esmc6b_1556,esmc6b,ESMC-6B forward pass on UniProt sequence (layer 64 mean-pool)
emb_esmc6b_1557,esmc6b,ESMC-6B forward pass on UniProt sequence (layer 64 mean-pool)
emb_esmc6b_1558,esmc6b,ESMC-6B forward pass on UniProt sequence (layer 64 mean-pool)
emb_esmc6b_1559,esmc6b,ESMC-6B forward pass on UniProt sequence (layer 64 mean-pool)
emb_esmc6b_1560,esmc6b,ESMC-6B forward pass on UniProt sequence (layer 64 mean-pool)
emb_esmc6b_1561,esmc6b,ESMC-6B forward pass on UniProt sequence (layer 64 mean-pool)
emb_esmc6b_1562,esmc6b,ESMC-6B forward pass on UniProt sequence (layer 64 mean-pool)
emb_esmc6b_1563,esmc6b,ESMC-6B forward pass on UniProt sequence (layer 64 mean-pool)
emb_esmc6b_1564,esmc6b,ESMC-6B forward pass on UniProt sequence (layer 64 mean-pool)
emb_esmc6b_1565,esmc6b,ESMC-6B forward pass on UniProt sequence (layer 64 mean-pool)
emb_esmc6b_1566,esmc6b,ESMC-6B forward pass on UniProt sequence (layer 64 mean-pool)
emb_esmc6b_1567,esmc6b,ESMC-6B forward pass on UniProt sequence (layer 64 mean-pool)
emb_esmc6b_1568,esmc6b,ESMC-6B forward pass on UniProt sequence (layer 64 mean-pool)
emb_esmc6b_1569,esmc6b,ESMC-6B forward pass on UniProt sequence (layer 64 mean-pool)
emb_esmc6b_1570,esmc6b,ESMC-6B forward pass on UniProt sequence (layer 64 mean-pool)
emb_esmc6b_1571,esmc6b,ESMC-6B forward pass on UniProt sequence (layer 64 mean-pool)
emb_esmc6b_1572,esmc6b,ESMC-6B forward pass on UniProt sequence (layer 64 mean-pool)
emb_esmc6b_1573,esmc6b,ESMC-6B forward pass on UniProt sequence (layer 64 mean-pool)
emb_esmc6b_1574,esmc6b,ESMC-6B forward pass on UniProt sequence (layer 64 mean-pool)
emb_esmc6b_1575,esmc6b,ESMC-6B forward pass on UniProt sequence (layer 64 mean-pool)
emb_esmc6b_1576,esmc6b,ESMC-6B forward pass on UniProt sequence (layer 64 mean-pool)
emb_esmc6b_1577,esmc6b,ESMC-6B forward pass on UniProt sequence (layer 64 mean-pool)
emb_esmc6b_1578,esmc6b,ESMC-6B forward pass on UniProt sequence (layer 64 mean-pool)
emb_esmc6b_1579,esmc6b,ESMC-6B forward pass on UniProt sequence (layer 64 mean-pool)
emb_esmc6b_1580,esmc6b,ESMC-6B forward pass on UniProt sequence (layer 64 mean-pool)
emb_esmc6b_1581,esmc6b,ESMC-6B forward pass on UniProt sequence (layer 64 mean-pool)
emb_esmc6b_1582,esmc6b,ESMC-6B forward pass on UniProt sequence (layer 64 mean-pool)
emb_esmc6b_1583,esmc6b,ESMC-6B forward pass on UniProt sequence (layer 64 mean-pool)
emb_esmc6b_1584,esmc6b,ESMC-6B forward pass on UniProt sequence (layer 64 mean-pool)
emb_esmc6b_1585,esmc6b,ESMC-6B forward pass on UniProt sequence (layer 64 mean-pool)
emb_esmc6b_1586,esmc6b,ESMC-6B forward pass on UniProt sequence (layer 64 mean-pool)
emb_esmc6b_1587,esmc6b,ESMC-6B forward pass on UniProt sequence (layer 64 mean-pool)
emb_esmc6b_1588,esmc6b,ESMC-6B forward pass on UniProt sequence (layer 64 mean-pool)
emb_esmc6b_1589,esmc6b,ESMC-6B forward pass on UniProt sequence (layer 64 mean-pool)
emb_esmc6b_1590,esmc6b,ESMC-6B forward pass on UniProt sequence (layer 64 mean-pool)
emb_esmc6b_1591,esmc6b,ESMC-6B forward pass on UniProt sequence (layer 64 mean-pool)
emb_esmc6b_1592,esmc6b,ESMC-6B forward pass on UniProt sequence (layer 64 mean-pool)
emb_esmc6b_1593,esmc6b,ESMC-6B forward pass on UniProt sequence (layer 64 mean-pool)
emb_esmc6b_1594,esmc6b,ESMC-6B forward pass on UniProt sequence (layer 64 mean-pool)
emb_esmc6b_1595,esmc6b,ESMC-6B forward pass on UniProt sequence (layer 64 mean-pool)
emb_esmc6b_1596,esmc6b,ESMC-6B forward pass on UniProt sequence (layer 64 mean-pool)
emb_esmc6b_1597,esmc6b,ESMC-6B forward pass on UniProt sequence (layer 64 mean-pool)
emb_esmc6b_1598,esmc6b,ESMC-6B forward pass on UniProt sequence (layer 64 mean-pool)
emb_esmc6b_1599,esmc6b,ESMC-6B forward pass on UniProt sequence (layer 64 mean-pool)
emb_esmc6b_1600,esmc6b,ESMC-6B forward pass on UniProt sequence (layer 64 mean-pool)
emb_esmc6b_1601,esmc6b,ESMC-6B forward pass on UniProt sequence (layer 64 mean-pool)
emb_esmc6b_1602,esmc6b,ESMC-6B forward pass on UniProt sequence (layer 64 mean-pool)
emb_esmc6b_1603,esmc6b,ESMC-6B forward pass on UniProt sequence (layer 64 mean-pool)
emb_esmc6b_1604,esmc6b,ESMC-6B forward pass on UniProt sequence (layer 64 mean-pool)
emb_esmc6b_1605,esmc6b,ESMC-6B forward pass on UniProt sequence (layer 64 mean-pool)
emb_esmc6b_1606,esmc6b,ESMC-6B forward pass on UniProt sequence (layer 64 mean-pool)
emb_esmc6b_1607,esmc6b,ESMC-6B forward pass on UniProt sequence (layer 64 mean-pool)
emb_esmc6b_1608,esmc6b,ESMC-6B forward pass on UniProt sequence (layer 64 mean-pool)
emb_esmc6b_1609,esmc6b,ESMC-6B forward pass on UniProt sequence (layer 64 mean-pool)
emb_esmc6b_1610,esmc6b,ESMC-6B forward pass on UniProt sequence (layer 64 mean-pool)
emb_esmc6b_1611,esmc6b,ESMC-6B forward pass on UniProt sequence (layer 64 mean-pool)
emb_esmc6b_1612,esmc6b,ESMC-6B forward pass on UniProt sequence (layer 64 mean-pool)
emb_esmc6b_1613,esmc6b,ESMC-6B forward pass on UniProt sequence (layer 64 mean-pool)
emb_esmc6b_1614,esmc6b,ESMC-6B forward pass on UniProt sequence (layer 64 mean-pool)
emb_esmc6b_1615,esmc6b,ESMC-6B forward pass on UniProt sequence (layer 64 mean-pool)
emb_esmc6b_1616,esmc6b,ESMC-6B forward pass on UniProt sequence (layer 64 mean-pool)
emb_esmc6b_1617,esmc6b,ESMC-6B forward pass on UniProt sequence (layer 64 mean-pool)
emb_esmc6b_1618,esmc6b,ESMC-6B forward pass on UniProt sequence (layer 64 mean-pool)
emb_esmc6b_1619,esmc6b,ESMC-6B forward pass on UniProt sequence (layer 64 mean-pool)
emb_esmc6b_1620,esmc6b,ESMC-6B forward pass on UniProt sequence (layer 64 mean-pool)
emb_esmc6b_1621,esmc6b,ESMC-6B forward pass on UniProt sequence (layer 64 mean-pool)
emb_esmc6b_1622,esmc6b,ESMC-6B forward pass on UniProt sequence (layer 64 mean-pool)
emb_esmc6b_1623,esmc6b,ESMC-6B forward pass on UniProt sequence (layer 64 mean-pool)
emb_esmc6b_1624,esmc6b,ESMC-6B forward pass on UniProt sequence (layer 64 mean-pool)
emb_esmc6b_1625,esmc6b,ESMC-6B forward pass on UniProt sequence (layer 64 mean-pool)
emb_esmc6b_1626,esmc6b,ESMC-6B forward pass on UniProt sequence (layer 64 mean-pool)
emb_esmc6b_1627,esmc6b,ESMC-6B forward pass on UniProt sequence (layer 64 mean-pool)
emb_esmc6b_1628,esmc6b,ESMC-6B forward pass on UniProt sequence (layer 64 mean-pool)
emb_esmc6b_1629,esmc6b,ESMC-6B forward pass on UniProt sequence (layer 64 mean-pool)
emb_esmc6b_1630,esmc6b,ESMC-6B forward pass on UniProt sequence (layer 64 mean-pool)
emb_esmc6b_1631,esmc6b,ESMC-6B forward pass on UniProt sequence (layer 64 mean-pool)
emb_esmc6b_1632,esmc6b,ESMC-6B forward pass on UniProt sequence (layer 64 mean-pool)
emb_esmc6b_1633,esmc6b,ESMC-6B forward pass on UniProt sequence (layer 64 mean-pool)
emb_esmc6b_1634,esmc6b,ESMC-6B forward pass on UniProt sequence (layer 64 mean-pool)
emb_esmc6b_1635,esmc6b,ESMC-6B forward pass on UniProt sequence (layer 64 mean-pool)
emb_esmc6b_1636,esmc6b,ESMC-6B forward pass on UniProt sequence (layer 64 mean-pool)
emb_esmc6b_1637,esmc6b,ESMC-6B forward pass on UniProt sequence (layer 64 mean-pool)
emb_esmc6b_1638,esmc6b,ESMC-6B forward pass on UniProt sequence (layer 64 mean-pool)
emb_esmc6b_1639,esmc6b,ESMC-6B forward pass on UniProt sequence (layer 64 mean-pool)
emb_esmc6b_1640,esmc6b,ESMC-6B forward pass on UniProt sequence (layer 64 mean-pool)
emb_esmc6b_1641,esmc6b,ESMC-6B forward pass on UniProt sequence (layer 64 mean-pool)
emb_esmc6b_1642,esmc6b,ESMC-6B forward pass on UniProt sequence (layer 64 mean-pool)
emb_esmc6b_1643,esmc6b,ESMC-6B forward pass on UniProt sequence (layer 64 mean-pool)
emb_esmc6b_1644,esmc6b,ESMC-6B forward pass on UniProt sequence (layer 64 mean-pool)
emb_esmc6b_1645,esmc6b,ESMC-6B forward pass on UniProt sequence (layer 64 mean-pool)
emb_esmc6b_1646,esmc6b,ESMC-6B forward pass on UniProt sequence (layer 64 mean-pool)
emb_esmc6b_1647,esmc6b,ESMC-6B forward pass on UniProt sequence (layer 64 mean-pool)
emb_esmc6b_1648,esmc6b,ESMC-6B forward pass on UniProt sequence (layer 64 mean-pool)
emb_esmc6b_1649,esmc6b,ESMC-6B forward pass on UniProt sequence (layer 64 mean-pool)
emb_esmc6b_1650,esmc6b,ESMC-6B forward pass on UniProt sequence (layer 64 mean-pool)
emb_esmc6b_1651,esmc6b,ESMC-6B forward pass on UniProt sequence (layer 64 mean-pool)
emb_esmc6b_1652,esmc6b,ESMC-6B forward pass on UniProt sequence (layer 64 mean-pool)
emb_esmc6b_1653,esmc6b,ESMC-6B forward pass on UniProt sequence (layer 64 mean-pool)
emb_esmc6b_1654,esmc6b,ESMC-6B forward pass on UniProt sequence (layer 64 mean-pool)
emb_esmc6b_1655,esmc6b,ESMC-6B forward pass on UniProt sequence (layer 64 mean-pool)
emb_esmc6b_1656,esmc6b,ESMC-6B forward pass on UniProt sequence (layer 64 mean-pool)
emb_esmc6b_1657,esmc6b,ESMC-6B forward pass on UniProt sequence (layer 64 mean-pool)
emb_esmc6b_1658,esmc6b,ESMC-6B forward pass on UniProt sequence (layer 64 mean-pool)
emb_esmc6b_1659,esmc6b,ESMC-6B forward pass on UniProt sequence (layer 64 mean-pool)
emb_esmc6b_1660,esmc6b,ESMC-6B forward pass on UniProt sequence (layer 64 mean-pool)
emb_esmc6b_1661,esmc6b,ESMC-6B forward pass on UniProt sequence (layer 64 mean-pool)
emb_esmc6b_1662,esmc6b,ESMC-6B forward pass on UniProt sequence (layer 64 mean-pool)
emb_esmc6b_1663,esmc6b,ESMC-6B forward pass on UniProt sequence (layer 64 mean-pool)
emb_esmc6b_1664,esmc6b,ESMC-6B forward pass on UniProt sequence (layer 64 mean-pool)
emb_esmc6b_1665,esmc6b,ESMC-6B forward pass on UniProt sequence (layer 64 mean-pool)
emb_esmc6b_1666,esmc6b,ESMC-6B forward pass on UniProt sequence (layer 64 mean-pool)
emb_esmc6b_1667,esmc6b,ESMC-6B forward pass on UniProt sequence (layer 64 mean-pool)
emb_esmc6b_1668,esmc6b,ESMC-6B forward pass on UniProt sequence (layer 64 mean-pool)
emb_esmc6b_1669,esmc6b,ESMC-6B forward pass on UniProt sequence (layer 64 mean-pool)
emb_esmc6b_1670,esmc6b,ESMC-6B forward pass on UniProt sequence (layer 64 mean-pool)
emb_esmc6b_1671,esmc6b,ESMC-6B forward pass on UniProt sequence (layer 64 mean-pool)
emb_esmc6b_1672,esmc6b,ESMC-6B forward pass on UniProt sequence (layer 64 mean-pool)
emb_esmc6b_1673,esmc6b,ESMC-6B forward pass on UniProt sequence (layer 64 mean-pool)
emb_esmc6b_1674,esmc6b,ESMC-6B forward pass on UniProt sequence (layer 64 mean-pool)
emb_esmc6b_1675,esmc6b,ESMC-6B forward pass on UniProt sequence (layer 64 mean-pool)
emb_esmc6b_1676,esmc6b,ESMC-6B forward pass on UniProt sequence (layer 64 mean-pool)
emb_esmc6b_1677,esmc6b,ESMC-6B forward pass on UniProt sequence (layer 64 mean-pool)
emb_esmc6b_1678,esmc6b,ESMC-6B forward pass on UniProt sequence (layer 64 mean-pool)
emb_esmc6b_1679,esmc6b,ESMC-6B forward pass on UniProt sequence (layer 64 mean-pool)
emb_esmc6b_1680,esmc6b,ESMC-6B forward pass on UniProt sequence (layer 64 mean-pool)
emb_esmc6b_1681,esmc6b,ESMC-6B forward pass on UniProt sequence (layer 64 mean-pool)
emb_esmc6b_1682,esmc6b,ESMC-6B forward pass on UniProt sequence (layer 64 mean-pool)
emb_esmc6b_1683,esmc6b,ESMC-6B forward pass on UniProt sequence (layer 64 mean-pool)
emb_esmc6b_1684,esmc6b,ESMC-6B forward pass on UniProt sequence (layer 64 mean-pool)
emb_esmc6b_1685,esmc6b,ESMC-6B forward pass on UniProt sequence (layer 64 mean-pool)
emb_esmc6b_1686,esmc6b,ESMC-6B forward pass on UniProt sequence (layer 64 mean-pool)
emb_esmc6b_1687,esmc6b,ESMC-6B forward pass on UniProt sequence (layer 64 mean-pool)
emb_esmc6b_1688,esmc6b,ESMC-6B forward pass on UniProt sequence (layer 64 mean-pool)
emb_esmc6b_1689,esmc6b,ESMC-6B forward pass on UniProt sequence (layer 64 mean-pool)
emb_esmc6b_1690,esmc6b,ESMC-6B forward pass on UniProt sequence (layer 64 mean-pool)
emb_esmc6b_1691,esmc6b,ESMC-6B forward pass on UniProt sequence (layer 64 mean-pool)
emb_esmc6b_1692,esmc6b,ESMC-6B forward pass on UniProt sequence (layer 64 mean-pool)
emb_esmc6b_1693,esmc6b,ESMC-6B forward pass on UniProt sequence (layer 64 mean-pool)
emb_esmc6b_1694,esmc6b,ESMC-6B forward pass on UniProt sequence (layer 64 mean-pool)
emb_esmc6b_1695,esmc6b,ESMC-6B forward pass on UniProt sequence (layer 64 mean-pool)
emb_esmc6b_1696,esmc6b,ESMC-6B forward pass on UniProt sequence (layer 64 mean-pool)
emb_esmc6b_1697,esmc6b,ESMC-6B forward pass on UniProt sequence (layer 64 mean-pool)
emb_esmc6b_1698,esmc6b,ESMC-6B forward pass on UniProt sequence (layer 64 mean-pool)
emb_esmc6b_1699,esmc6b,ESMC-6B forward pass on UniProt sequence (layer 64 mean-pool)
emb_esmc6b_1700,esmc6b,ESMC-6B forward pass on UniProt sequence (layer 64 mean-pool)
emb_esmc6b_1701,esmc6b,ESMC-6B forward pass on UniProt sequence (layer 64 mean-pool)
emb_esmc6b_1702,esmc6b,ESMC-6B forward pass on UniProt sequence (layer 64 mean-pool)
emb_esmc6b_1703,esmc6b,ESMC-6B forward pass on UniProt sequence (layer 64 mean-pool)
emb_esmc6b_1704,esmc6b,ESMC-6B forward pass on UniProt sequence (layer 64 mean-pool)
emb_esmc6b_1705,esmc6b,ESMC-6B forward pass on UniProt sequence (layer 64 mean-pool)
emb_esmc6b_1706,esmc6b,ESMC-6B forward pass on UniProt sequence (layer 64 mean-pool)
emb_esmc6b_1707,esmc6b,ESMC-6B forward pass on UniProt sequence (layer 64 mean-pool)
emb_esmc6b_1708,esmc6b,ESMC-6B forward pass on UniProt sequence (layer 64 mean-pool)
emb_esmc6b_1709,esmc6b,ESMC-6B forward pass on UniProt sequence (layer 64 mean-pool)
emb_esmc6b_1710,esmc6b,ESMC-6B forward pass on UniProt sequence (layer 64 mean-pool)
emb_esmc6b_1711,esmc6b,ESMC-6B forward pass on UniProt sequence (layer 64 mean-pool)
emb_esmc6b_1712,esmc6b,ESMC-6B forward pass on UniProt sequence (layer 64 mean-pool)
emb_esmc6b_1713,esmc6b,ESMC-6B forward pass on UniProt sequence (layer 64 mean-pool)
emb_esmc6b_1714,esmc6b,ESMC-6B forward pass on UniProt sequence (layer 64 mean-pool)
emb_esmc6b_1715,esmc6b,ESMC-6B forward pass on UniProt sequence (layer 64 mean-pool)
emb_esmc6b_1716,esmc6b,ESMC-6B forward pass on UniProt sequence (layer 64 mean-pool)
emb_esmc6b_1717,esmc6b,ESMC-6B forward pass on UniProt sequence (layer 64 mean-pool)
emb_esmc6b_1718,esmc6b,ESMC-6B forward pass on UniProt sequence (layer 64 mean-pool)
emb_esmc6b_1719,esmc6b,ESMC-6B forward pass on UniProt sequence (layer 64 mean-pool)
emb_esmc6b_1720,esmc6b,ESMC-6B forward pass on UniProt sequence (layer 64 mean-pool)
emb_esmc6b_1721,esmc6b,ESMC-6B forward pass on UniProt sequence (layer 64 mean-pool)
emb_esmc6b_1722,esmc6b,ESMC-6B forward pass on UniProt sequence (layer 64 mean-pool)
emb_esmc6b_1723,esmc6b,ESMC-6B forward pass on UniProt sequence (layer 64 mean-pool)
emb_esmc6b_1724,esmc6b,ESMC-6B forward pass on UniProt sequence (layer 64 mean-pool)
emb_esmc6b_1725,esmc6b,ESMC-6B forward pass on UniProt sequence (layer 64 mean-pool)
emb_esmc6b_1726,esmc6b,ESMC-6B forward pass on UniProt sequence (layer 64 mean-pool)
emb_esmc6b_1727,esmc6b,ESMC-6B forward pass on UniProt sequence (layer 64 mean-pool)
emb_esmc6b_1728,esmc6b,ESMC-6B forward pass on UniProt sequence (layer 64 mean-pool)
emb_esmc6b_1729,esmc6b,ESMC-6B forward pass on UniProt sequence (layer 64 mean-pool)
emb_esmc6b_1730,esmc6b,ESMC-6B forward pass on UniProt sequence (layer 64 mean-pool)
emb_esmc6b_1731,esmc6b,ESMC-6B forward pass on UniProt sequence (layer 64 mean-pool)
emb_esmc6b_1732,esmc6b,ESMC-6B forward pass on UniProt sequence (layer 64 mean-pool)
emb_esmc6b_1733,esmc6b,ESMC-6B forward pass on UniProt sequence (layer 64 mean-pool)
emb_esmc6b_1734,esmc6b,ESMC-6B forward pass on UniProt sequence (layer 64 mean-pool)
emb_esmc6b_1735,esmc6b,ESMC-6B forward pass on UniProt sequence (layer 64 mean-pool)
emb_esmc6b_1736,esmc6b,ESMC-6B forward pass on UniProt sequence (layer 64 mean-pool)
emb_esmc6b_1737,esmc6b,ESMC-6B forward pass on UniProt sequence (layer 64 mean-pool)
emb_esmc6b_1738,esmc6b,ESMC-6B forward pass on UniProt sequence (layer 64 mean-pool)
emb_esmc6b_1739,esmc6b,ESMC-6B forward pass on UniProt sequence (layer 64 mean-pool)
emb_esmc6b_1740,esmc6b,ESMC-6B forward pass on UniProt sequence (layer 64 mean-pool)
emb_esmc6b_1741,esmc6b,ESMC-6B forward pass on UniProt sequence (layer 64 mean-pool)
emb_esmc6b_1742,esmc6b,ESMC-6B forward pass on UniProt sequence (layer 64 mean-pool)
emb_esmc6b_1743,esmc6b,ESMC-6B forward pass on UniProt sequence (layer 64 mean-pool)
emb_esmc6b_1744,esmc6b,ESMC-6B forward pass on UniProt sequence (layer 64 mean-pool)
emb_esmc6b_1745,esmc6b,ESMC-6B forward pass on UniProt sequence (layer 64 mean-pool)
emb_esmc6b_1746,esmc6b,ESMC-6B forward pass on UniProt sequence (layer 64 mean-pool)
emb_esmc6b_1747,esmc6b,ESMC-6B forward pass on UniProt sequence (layer 64 mean-pool)
emb_esmc6b_1748,esmc6b,ESMC-6B forward pass on UniProt sequence (layer 64 mean-pool)
emb_esmc6b_1749,esmc6b,ESMC-6B forward pass on UniProt sequence (layer 64 mean-pool)
emb_esmc6b_1750,esmc6b,ESMC-6B forward pass on UniProt sequence (layer 64 mean-pool)
emb_esmc6b_1751,esmc6b,ESMC-6B forward pass on UniProt sequence (layer 64 mean-pool)
emb_esmc6b_1752,esmc6b,ESMC-6B forward pass on UniProt sequence (layer 64 mean-pool)
emb_esmc6b_1753,esmc6b,ESMC-6B forward pass on UniProt sequence (layer 64 mean-pool)
emb_esmc6b_1754,esmc6b,ESMC-6B forward pass on UniProt sequence (layer 64 mean-pool)
emb_esmc6b_1755,esmc6b,ESMC-6B forward pass on UniProt sequence (layer 64 mean-pool)
emb_esmc6b_1756,esmc6b,ESMC-6B forward pass on UniProt sequence (layer 64 mean-pool)
emb_esmc6b_1757,esmc6b,ESMC-6B forward pass on UniProt sequence (layer 64 mean-pool)
emb_esmc6b_1758,esmc6b,ESMC-6B forward pass on UniProt sequence (layer 64 mean-pool)
emb_esmc6b_1759,esmc6b,ESMC-6B forward pass on UniProt sequence (layer 64 mean-pool)
emb_esmc6b_1760,esmc6b,ESMC-6B forward pass on UniProt sequence (layer 64 mean-pool)
emb_esmc6b_1761,esmc6b,ESMC-6B forward pass on UniProt sequence (layer 64 mean-pool)
emb_esmc6b_1762,esmc6b,ESMC-6B forward pass on UniProt sequence (layer 64 mean-pool)
emb_esmc6b_1763,esmc6b,ESMC-6B forward pass on UniProt sequence (layer 64 mean-pool)
emb_esmc6b_1764,esmc6b,ESMC-6B forward pass on UniProt sequence (layer 64 mean-pool)
emb_esmc6b_1765,esmc6b,ESMC-6B forward pass on UniProt sequence (layer 64 mean-pool)
emb_esmc6b_1766,esmc6b,ESMC-6B forward pass on UniProt sequence (layer 64 mean-pool)
emb_esmc6b_1767,esmc6b,ESMC-6B forward pass on UniProt sequence (layer 64 mean-pool)
emb_esmc6b_1768,esmc6b,ESMC-6B forward pass on UniProt sequence (layer 64 mean-pool)
emb_esmc6b_1769,esmc6b,ESMC-6B forward pass on UniProt sequence (layer 64 mean-pool)
emb_esmc6b_1770,esmc6b,ESMC-6B forward pass on UniProt sequence (layer 64 mean-pool)
emb_esmc6b_1771,esmc6b,ESMC-6B forward pass on UniProt sequence (layer 64 mean-pool)
emb_esmc6b_1772,esmc6b,ESMC-6B forward pass on UniProt sequence (layer 64 mean-pool)
emb_esmc6b_1773,esmc6b,ESMC-6B forward pass on UniProt sequence (layer 64 mean-pool)
emb_esmc6b_1774,esmc6b,ESMC-6B forward pass on UniProt sequence (layer 64 mean-pool)
emb_esmc6b_1775,esmc6b,ESMC-6B forward pass on UniProt sequence (layer 64 mean-pool)
emb_esmc6b_1776,esmc6b,ESMC-6B forward pass on UniProt sequence (layer 64 mean-pool)
emb_esmc6b_1777,esmc6b,ESMC-6B forward pass on UniProt sequence (layer 64 mean-pool)
emb_esmc6b_1778,esmc6b,ESMC-6B forward pass on UniProt sequence (layer 64 mean-pool)
emb_esmc6b_1779,esmc6b,ESMC-6B forward pass on UniProt sequence (layer 64 mean-pool)
emb_esmc6b_1780,esmc6b,ESMC-6B forward pass on UniProt sequence (layer 64 mean-pool)
emb_esmc6b_1781,esmc6b,ESMC-6B forward pass on UniProt sequence (layer 64 mean-pool)
emb_esmc6b_1782,esmc6b,ESMC-6B forward pass on UniProt sequence (layer 64 mean-pool)
emb_esmc6b_1783,esmc6b,ESMC-6B forward pass on UniProt sequence (layer 64 mean-pool)
emb_esmc6b_1784,esmc6b,ESMC-6B forward pass on UniProt sequence (layer 64 mean-pool)
emb_esmc6b_1785,esmc6b,ESMC-6B forward pass on UniProt sequence (layer 64 mean-pool)
emb_esmc6b_1786,esmc6b,ESMC-6B forward pass on UniProt sequence (layer 64 mean-pool)
emb_esmc6b_1787,esmc6b,ESMC-6B forward pass on UniProt sequence (layer 64 mean-pool)
emb_esmc6b_1788,esmc6b,ESMC-6B forward pass on UniProt sequence (layer 64 mean-pool)
emb_esmc6b_1789,esmc6b,ESMC-6B forward pass on UniProt sequence (layer 64 mean-pool)
emb_esmc6b_1790,esmc6b,ESMC-6B forward pass on UniProt sequence (layer 64 mean-pool)
emb_esmc6b_1791,esmc6b,ESMC-6B forward pass on UniProt sequence (layer 64 mean-pool)
emb_esmc6b_1792,esmc6b,ESMC-6B forward pass on UniProt sequence (layer 64 mean-pool)
emb_esmc6b_1793,esmc6b,ESMC-6B forward pass on UniProt sequence (layer 64 mean-pool)
emb_esmc6b_1794,esmc6b,ESMC-6B forward pass on UniProt sequence (layer 64 mean-pool)
emb_esmc6b_1795,esmc6b,ESMC-6B forward pass on UniProt sequence (layer 64 mean-pool)
emb_esmc6b_1796,esmc6b,ESMC-6B forward pass on UniProt sequence (layer 64 mean-pool)
emb_esmc6b_1797,esmc6b,ESMC-6B forward pass on UniProt sequence (layer 64 mean-pool)
emb_esmc6b_1798,esmc6b,ESMC-6B forward pass on UniProt sequence (layer 64 mean-pool)
emb_esmc6b_1799,esmc6b,ESMC-6B forward pass on UniProt sequence (layer 64 mean-pool)
emb_esmc6b_1800,esmc6b,ESMC-6B forward pass on UniProt sequence (layer 64 mean-pool)
emb_esmc6b_1801,esmc6b,ESMC-6B forward pass on UniProt sequence (layer 64 mean-pool)
emb_esmc6b_1802,esmc6b,ESMC-6B forward pass on UniProt sequence (layer 64 mean-pool)
emb_esmc6b_1803,esmc6b,ESMC-6B forward pass on UniProt sequence (layer 64 mean-pool)
emb_esmc6b_1804,esmc6b,ESMC-6B forward pass on UniProt sequence (layer 64 mean-pool)
emb_esmc6b_1805,esmc6b,ESMC-6B forward pass on UniProt sequence (layer 64 mean-pool)
emb_esmc6b_1806,esmc6b,ESMC-6B forward pass on UniProt sequence (layer 64 mean-pool)
emb_esmc6b_1807,esmc6b,ESMC-6B forward pass on UniProt sequence (layer 64 mean-pool)
emb_esmc6b_1808,esmc6b,ESMC-6B forward pass on UniProt sequence (layer 64 mean-pool)
emb_esmc6b_1809,esmc6b,ESMC-6B forward pass on UniProt sequence (layer 64 mean-pool)
emb_esmc6b_1810,esmc6b,ESMC-6B forward pass on UniProt sequence (layer 64 mean-pool)
emb_esmc6b_1811,esmc6b,ESMC-6B forward pass on UniProt sequence (layer 64 mean-pool)
emb_esmc6b_1812,esmc6b,ESMC-6B forward pass on UniProt sequence (layer 64 mean-pool)
emb_esmc6b_1813,esmc6b,ESMC-6B forward pass on UniProt sequence (layer 64 mean-pool)
emb_esmc6b_1814,esmc6b,ESMC-6B forward pass on UniProt sequence (layer 64 mean-pool)
emb_esmc6b_1815,esmc6b,ESMC-6B forward pass on UniProt sequence (layer 64 mean-pool)
emb_esmc6b_1816,esmc6b,ESMC-6B forward pass on UniProt sequence (layer 64 mean-pool)
emb_esmc6b_1817,esmc6b,ESMC-6B forward pass on UniProt sequence (layer 64 mean-pool)
emb_esmc6b_1818,esmc6b,ESMC-6B forward pass on UniProt sequence (layer 64 mean-pool)
emb_esmc6b_1819,esmc6b,ESMC-6B forward pass on UniProt sequence (layer 64 mean-pool)
emb_esmc6b_1820,esmc6b,ESMC-6B forward pass on UniProt sequence (layer 64 mean-pool)
emb_esmc6b_1821,esmc6b,ESMC-6B forward pass on UniProt sequence (layer 64 mean-pool)
emb_esmc6b_1822,esmc6b,ESMC-6B forward pass on UniProt sequence (layer 64 mean-pool)
emb_esmc6b_1823,esmc6b,ESMC-6B forward pass on UniProt sequence (layer 64 mean-pool)
emb_esmc6b_1824,esmc6b,ESMC-6B forward pass on UniProt sequence (layer 64 mean-pool)
emb_esmc6b_1825,esmc6b,ESMC-6B forward pass on UniProt sequence (layer 64 mean-pool)
emb_esmc6b_1826,esmc6b,ESMC-6B forward pass on UniProt sequence (layer 64 mean-pool)
emb_esmc6b_1827,esmc6b,ESMC-6B forward pass on UniProt sequence (layer 64 mean-pool)
emb_esmc6b_1828,esmc6b,ESMC-6B forward pass on UniProt sequence (layer 64 mean-pool)
emb_esmc6b_1829,esmc6b,ESMC-6B forward pass on UniProt sequence (layer 64 mean-pool)
emb_esmc6b_1830,esmc6b,ESMC-6B forward pass on UniProt sequence (layer 64 mean-pool)
emb_esmc6b_1831,esmc6b,ESMC-6B forward pass on UniProt sequence (layer 64 mean-pool)
emb_esmc6b_1832,esmc6b,ESMC-6B forward pass on UniProt sequence (layer 64 mean-pool)
emb_esmc6b_1833,esmc6b,ESMC-6B forward pass on UniProt sequence (layer 64 mean-pool)
emb_esmc6b_1834,esmc6b,ESMC-6B forward pass on UniProt sequence (layer 64 mean-pool)
emb_esmc6b_1835,esmc6b,ESMC-6B forward pass on UniProt sequence (layer 64 mean-pool)
emb_esmc6b_1836,esmc6b,ESMC-6B forward pass on UniProt sequence (layer 64 mean-pool)
emb_esmc6b_1837,esmc6b,ESMC-6B forward pass on UniProt sequence (layer 64 mean-pool)
emb_esmc6b_1838,esmc6b,ESMC-6B forward pass on UniProt sequence (layer 64 mean-pool)
emb_esmc6b_1839,esmc6b,ESMC-6B forward pass on UniProt sequence (layer 64 mean-pool)
emb_esmc6b_1840,esmc6b,ESMC-6B forward pass on UniProt sequence (layer 64 mean-pool)
emb_esmc6b_1841,esmc6b,ESMC-6B forward pass on UniProt sequence (layer 64 mean-pool)
emb_esmc6b_1842,esmc6b,ESMC-6B forward pass on UniProt sequence (layer 64 mean-pool)
emb_esmc6b_1843,esmc6b,ESMC-6B forward pass on UniProt sequence (layer 64 mean-pool)
emb_esmc6b_1844,esmc6b,ESMC-6B forward pass on UniProt sequence (layer 64 mean-pool)
emb_esmc6b_1845,esmc6b,ESMC-6B forward pass on UniProt sequence (layer 64 mean-pool)
emb_esmc6b_1846,esmc6b,ESMC-6B forward pass on UniProt sequence (layer 64 mean-pool)
emb_esmc6b_1847,esmc6b,ESMC-6B forward pass on UniProt sequence (layer 64 mean-pool)
emb_esmc6b_1848,esmc6b,ESMC-6B forward pass on UniProt sequence (layer 64 mean-pool)
emb_esmc6b_1849,esmc6b,ESMC-6B forward pass on UniProt sequence (layer 64 mean-pool)
emb_esmc6b_1850,esmc6b,ESMC-6B forward pass on UniProt sequence (layer 64 mean-pool)
emb_esmc6b_1851,esmc6b,ESMC-6B forward pass on UniProt sequence (layer 64 mean-pool)
emb_esmc6b_1852,esmc6b,ESMC-6B forward pass on UniProt sequence (layer 64 mean-pool)
emb_esmc6b_1853,esmc6b,ESMC-6B forward pass on UniProt sequence (layer 64 mean-pool)
emb_esmc6b_1854,esmc6b,ESMC-6B forward pass on UniProt sequence (layer 64 mean-pool)
emb_esmc6b_1855,esmc6b,ESMC-6B forward pass on UniProt sequence (layer 64 mean-pool)
emb_esmc6b_1856,esmc6b,ESMC-6B forward pass on UniProt sequence (layer 64 mean-pool)
emb_esmc6b_1857,esmc6b,ESMC-6B forward pass on UniProt sequence (layer 64 mean-pool)
emb_esmc6b_1858,esmc6b,ESMC-6B forward pass on UniProt sequence (layer 64 mean-pool)
emb_esmc6b_1859,esmc6b,ESMC-6B forward pass on UniProt sequence (layer 64 mean-pool)
emb_esmc6b_1860,esmc6b,ESMC-6B forward pass on UniProt sequence (layer 64 mean-pool)
emb_esmc6b_1861,esmc6b,ESMC-6B forward pass on UniProt sequence (layer 64 mean-pool)
emb_esmc6b_1862,esmc6b,ESMC-6B forward pass on UniProt sequence (layer 64 mean-pool)
emb_esmc6b_1863,esmc6b,ESMC-6B forward pass on UniProt sequence (layer 64 mean-pool)
emb_esmc6b_1864,esmc6b,ESMC-6B forward pass on UniProt sequence (layer 64 mean-pool)
emb_esmc6b_1865,esmc6b,ESMC-6B forward pass on UniProt sequence (layer 64 mean-pool)
emb_esmc6b_1866,esmc6b,ESMC-6B forward pass on UniProt sequence (layer 64 mean-pool)
emb_esmc6b_1867,esmc6b,ESMC-6B forward pass on UniProt sequence (layer 64 mean-pool)
emb_esmc6b_1868,esmc6b,ESMC-6B forward pass on UniProt sequence (layer 64 mean-pool)
emb_esmc6b_1869,esmc6b,ESMC-6B forward pass on UniProt sequence (layer 64 mean-pool)
emb_esmc6b_1870,esmc6b,ESMC-6B forward pass on UniProt sequence (layer 64 mean-pool)
emb_esmc6b_1871,esmc6b,ESMC-6B forward pass on UniProt sequence (layer 64 mean-pool)
emb_esmc6b_1872,esmc6b,ESMC-6B forward pass on UniProt sequence (layer 64 mean-pool)
emb_esmc6b_1873,esmc6b,ESMC-6B forward pass on UniProt sequence (layer 64 mean-pool)
emb_esmc6b_1874,esmc6b,ESMC-6B forward pass on UniProt sequence (layer 64 mean-pool)
emb_esmc6b_1875,esmc6b,ESMC-6B forward pass on UniProt sequence (layer 64 mean-pool)
emb_esmc6b_1876,esmc6b,ESMC-6B forward pass on UniProt sequence (layer 64 mean-pool)
emb_esmc6b_1877,esmc6b,ESMC-6B forward pass on UniProt sequence (layer 64 mean-pool)
emb_esmc6b_1878,esmc6b,ESMC-6B forward pass on UniProt sequence (layer 64 mean-pool)
emb_esmc6b_1879,esmc6b,ESMC-6B forward pass on UniProt sequence (layer 64 mean-pool)
emb_esmc6b_1880,esmc6b,ESMC-6B forward pass on UniProt sequence (layer 64 mean-pool)
emb_esmc6b_1881,esmc6b,ESMC-6B forward pass on UniProt sequence (layer 64 mean-pool)
emb_esmc6b_1882,esmc6b,ESMC-6B forward pass on UniProt sequence (layer 64 mean-pool)
emb_esmc6b_1883,esmc6b,ESMC-6B forward pass on UniProt sequence (layer 64 mean-pool)
emb_esmc6b_1884,esmc6b,ESMC-6B forward pass on UniProt sequence (layer 64 mean-pool)
emb_esmc6b_1885,esmc6b,ESMC-6B forward pass on UniProt sequence (layer 64 mean-pool)
emb_esmc6b_1886,esmc6b,ESMC-6B forward pass on UniProt sequence (layer 64 mean-pool)
emb_esmc6b_1887,esmc6b,ESMC-6B forward pass on UniProt sequence (layer 64 mean-pool)
emb_esmc6b_1888,esmc6b,ESMC-6B forward pass on UniProt sequence (layer 64 mean-pool)
emb_esmc6b_1889,esmc6b,ESMC-6B forward pass on UniProt sequence (layer 64 mean-pool)
emb_esmc6b_1890,esmc6b,ESMC-6B forward pass on UniProt sequence (layer 64 mean-pool)
emb_esmc6b_1891,esmc6b,ESMC-6B forward pass on UniProt sequence (layer 64 mean-pool)
emb_esmc6b_1892,esmc6b,ESMC-6B forward pass on UniProt sequence (layer 64 mean-pool)
emb_esmc6b_1893,esmc6b,ESMC-6B forward pass on UniProt sequence (layer 64 mean-pool)
emb_esmc6b_1894,esmc6b,ESMC-6B forward pass on UniProt sequence (layer 64 mean-pool)
emb_esmc6b_1895,esmc6b,ESMC-6B forward pass on UniProt sequence (layer 64 mean-pool)
emb_esmc6b_1896,esmc6b,ESMC-6B forward pass on UniProt sequence (layer 64 mean-pool)
emb_esmc6b_1897,esmc6b,ESMC-6B forward pass on UniProt sequence (layer 64 mean-pool)
emb_esmc6b_1898,esmc6b,ESMC-6B forward pass on UniProt sequence (layer 64 mean-pool)
emb_esmc6b_1899,esmc6b,ESMC-6B forward pass on UniProt sequence (layer 64 mean-pool)
emb_esmc6b_1900,esmc6b,ESMC-6B forward pass on UniProt sequence (layer 64 mean-pool)
emb_esmc6b_1901,esmc6b,ESMC-6B forward pass on UniProt sequence (layer 64 mean-pool)
emb_esmc6b_1902,esmc6b,ESMC-6B forward pass on UniProt sequence (layer 64 mean-pool)
emb_esmc6b_1903,esmc6b,ESMC-6B forward pass on UniProt sequence (layer 64 mean-pool)
emb_esmc6b_1904,esmc6b,ESMC-6B forward pass on UniProt sequence (layer 64 mean-pool)
emb_esmc6b_1905,esmc6b,ESMC-6B forward pass on UniProt sequence (layer 64 mean-pool)
emb_esmc6b_1906,esmc6b,ESMC-6B forward pass on UniProt sequence (layer 64 mean-pool)
emb_esmc6b_1907,esmc6b,ESMC-6B forward pass on UniProt sequence (layer 64 mean-pool)
emb_esmc6b_1908,esmc6b,ESMC-6B forward pass on UniProt sequence (layer 64 mean-pool)
emb_esmc6b_1909,esmc6b,ESMC-6B forward pass on UniProt sequence (layer 64 mean-pool)
emb_esmc6b_1910,esmc6b,ESMC-6B forward pass on UniProt sequence (layer 64 mean-pool)
emb_esmc6b_1911,esmc6b,ESMC-6B forward pass on UniProt sequence (layer 64 mean-pool)
emb_esmc6b_1912,esmc6b,ESMC-6B forward pass on UniProt sequence (layer 64 mean-pool)
emb_esmc6b_1913,esmc6b,ESMC-6B forward pass on UniProt sequence (layer 64 mean-pool)
emb_esmc6b_1914,esmc6b,ESMC-6B forward pass on UniProt sequence (layer 64 mean-pool)
emb_esmc6b_1915,esmc6b,ESMC-6B forward pass on UniProt sequence (layer 64 mean-pool)
emb_esmc6b_1916,esmc6b,ESMC-6B forward pass on UniProt sequence (layer 64 mean-pool)
emb_esmc6b_1917,esmc6b,ESMC-6B forward pass on UniProt sequence (layer 64 mean-pool)
emb_esmc6b_1918,esmc6b,ESMC-6B forward pass on UniProt sequence (layer 64 mean-pool)
emb_esmc6b_1919,esmc6b,ESMC-6B forward pass on UniProt sequence (layer 64 mean-pool)
emb_esmc6b_1920,esmc6b,ESMC-6B forward pass on UniProt sequence (layer 64 mean-pool)
emb_esmc6b_1921,esmc6b,ESMC-6B forward pass on UniProt sequence (layer 64 mean-pool)
emb_esmc6b_1922,esmc6b,ESMC-6B forward pass on UniProt sequence (layer 64 mean-pool)
emb_esmc6b_1923,esmc6b,ESMC-6B forward pass on UniProt sequence (layer 64 mean-pool)
emb_esmc6b_1924,esmc6b,ESMC-6B forward pass on UniProt sequence (layer 64 mean-pool)
emb_esmc6b_1925,esmc6b,ESMC-6B forward pass on UniProt sequence (layer 64 mean-pool)
emb_esmc6b_1926,esmc6b,ESMC-6B forward pass on UniProt sequence (layer 64 mean-pool)
emb_esmc6b_1927,esmc6b,ESMC-6B forward pass on UniProt sequence (layer 64 mean-pool)
emb_esmc6b_1928,esmc6b,ESMC-6B forward pass on UniProt sequence (layer 64 mean-pool)
emb_esmc6b_1929,esmc6b,ESMC-6B forward pass on UniProt sequence (layer 64 mean-pool)
emb_esmc6b_1930,esmc6b,ESMC-6B forward pass on UniProt sequence (layer 64 mean-pool)
emb_esmc6b_1931,esmc6b,ESMC-6B forward pass on UniProt sequence (layer 64 mean-pool)
emb_esmc6b_1932,esmc6b,ESMC-6B forward pass on UniProt sequence (layer 64 mean-pool)
emb_esmc6b_1933,esmc6b,ESMC-6B forward pass on UniProt sequence (layer 64 mean-pool)
emb_esmc6b_1934,esmc6b,ESMC-6B forward pass on UniProt sequence (layer 64 mean-pool)
emb_esmc6b_1935,esmc6b,ESMC-6B forward pass on UniProt sequence (layer 64 mean-pool)
emb_esmc6b_1936,esmc6b,ESMC-6B forward pass on UniProt sequence (layer 64 mean-pool)
emb_esmc6b_1937,esmc6b,ESMC-6B forward pass on UniProt sequence (layer 64 mean-pool)
emb_esmc6b_1938,esmc6b,ESMC-6B forward pass on UniProt sequence (layer 64 mean-pool)
emb_esmc6b_1939,esmc6b,ESMC-6B forward pass on UniProt sequence (layer 64 mean-pool)
emb_esmc6b_1940,esmc6b,ESMC-6B forward pass on UniProt sequence (layer 64 mean-pool)
emb_esmc6b_1941,esmc6b,ESMC-6B forward pass on UniProt sequence (layer 64 mean-pool)
emb_esmc6b_1942,esmc6b,ESMC-6B forward pass on UniProt sequence (layer 64 mean-pool)
emb_esmc6b_1943,esmc6b,ESMC-6B forward pass on UniProt sequence (layer 64 mean-pool)
emb_esmc6b_1944,esmc6b,ESMC-6B forward pass on UniProt sequence (layer 64 mean-pool)
emb_esmc6b_1945,esmc6b,ESMC-6B forward pass on UniProt sequence (layer 64 mean-pool)
emb_esmc6b_1946,esmc6b,ESMC-6B forward pass on UniProt sequence (layer 64 mean-pool)
emb_esmc6b_1947,esmc6b,ESMC-6B forward pass on UniProt sequence (layer 64 mean-pool)
emb_esmc6b_1948,esmc6b,ESMC-6B forward pass on UniProt sequence (layer 64 mean-pool)
emb_esmc6b_1949,esmc6b,ESMC-6B forward pass on UniProt sequence (layer 64 mean-pool)
emb_esmc6b_1950,esmc6b,ESMC-6B forward pass on UniProt sequence (layer 64 mean-pool)
emb_esmc6b_1951,esmc6b,ESMC-6B forward pass on UniProt sequence (layer 64 mean-pool)
emb_esmc6b_1952,esmc6b,ESMC-6B forward pass on UniProt sequence (layer 64 mean-pool)
emb_esmc6b_1953,esmc6b,ESMC-6B forward pass on UniProt sequence (layer 64 mean-pool)
emb_esmc6b_1954,esmc6b,ESMC-6B forward pass on UniProt sequence (layer 64 mean-pool)
emb_esmc6b_1955,esmc6b,ESMC-6B forward pass on UniProt sequence (layer 64 mean-pool)
emb_esmc6b_1956,esmc6b,ESMC-6B forward pass on UniProt sequence (layer 64 mean-pool)
emb_esmc6b_1957,esmc6b,ESMC-6B forward pass on UniProt sequence (layer 64 mean-pool)
emb_esmc6b_1958,esmc6b,ESMC-6B forward pass on UniProt sequence (layer 64 mean-pool)
emb_esmc6b_1959,esmc6b,ESMC-6B forward pass on UniProt sequence (layer 64 mean-pool)
emb_esmc6b_1960,esmc6b,ESMC-6B forward pass on UniProt sequence (layer 64 mean-pool)
emb_esmc6b_1961,esmc6b,ESMC-6B forward pass on UniProt sequence (layer 64 mean-pool)
emb_esmc6b_1962,esmc6b,ESMC-6B forward pass on UniProt sequence (layer 64 mean-pool)
emb_esmc6b_1963,esmc6b,ESMC-6B forward pass on UniProt sequence (layer 64 mean-pool)
emb_esmc6b_1964,esmc6b,ESMC-6B forward pass on UniProt sequence (layer 64 mean-pool)
emb_esmc6b_1965,esmc6b,ESMC-6B forward pass on UniProt sequence (layer 64 mean-pool)
emb_esmc6b_1966,esmc6b,ESMC-6B forward pass on UniProt sequence (layer 64 mean-pool)
emb_esmc6b_1967,esmc6b,ESMC-6B forward pass on UniProt sequence (layer 64 mean-pool)
emb_esmc6b_1968,esmc6b,ESMC-6B forward pass on UniProt sequence (layer 64 mean-pool)
emb_esmc6b_1969,esmc6b,ESMC-6B forward pass on UniProt sequence (layer 64 mean-pool)
emb_esmc6b_1970,esmc6b,ESMC-6B forward pass on UniProt sequence (layer 64 mean-pool)
emb_esmc6b_1971,esmc6b,ESMC-6B forward pass on UniProt sequence (layer 64 mean-pool)
emb_esmc6b_1972,esmc6b,ESMC-6B forward pass on UniProt sequence (layer 64 mean-pool)
emb_esmc6b_1973,esmc6b,ESMC-6B forward pass on UniProt sequence (layer 64 mean-pool)
emb_esmc6b_1974,esmc6b,ESMC-6B forward pass on UniProt sequence (layer 64 mean-pool)
emb_esmc6b_1975,esmc6b,ESMC-6B forward pass on UniProt sequence (layer 64 mean-pool)
emb_esmc6b_1976,esmc6b,ESMC-6B forward pass on UniProt sequence (layer 64 mean-pool)
emb_esmc6b_1977,esmc6b,ESMC-6B forward pass on UniProt sequence (layer 64 mean-pool)
emb_esmc6b_1978,esmc6b,ESMC-6B forward pass on UniProt sequence (layer 64 mean-pool)
emb_esmc6b_1979,esmc6b,ESMC-6B forward pass on UniProt sequence (layer 64 mean-pool)
emb_esmc6b_1980,esmc6b,ESMC-6B forward pass on UniProt sequence (layer 64 mean-pool)
emb_esmc6b_1981,esmc6b,ESMC-6B forward pass on UniProt sequence (layer 64 mean-pool)
emb_esmc6b_1982,esmc6b,ESMC-6B forward pass on UniProt sequence (layer 64 mean-pool)
emb_esmc6b_1983,esmc6b,ESMC-6B forward pass on UniProt sequence (layer 64 mean-pool)
emb_esmc6b_1984,esmc6b,ESMC-6B forward pass on UniProt sequence (layer 64 mean-pool)
emb_esmc6b_1985,esmc6b,ESMC-6B forward pass on UniProt sequence (layer 64 mean-pool)
emb_esmc6b_1986,esmc6b,ESMC-6B forward pass on UniProt sequence (layer 64 mean-pool)
emb_esmc6b_1987,esmc6b,ESMC-6B forward pass on UniProt sequence (layer 64 mean-pool)
emb_esmc6b_1988,esmc6b,ESMC-6B forward pass on UniProt sequence (layer 64 mean-pool)
emb_esmc6b_1989,esmc6b,ESMC-6B forward pass on UniProt sequence (layer 64 mean-pool)
emb_esmc6b_1990,esmc6b,ESMC-6B forward pass on UniProt sequence (layer 64 mean-pool)
emb_esmc6b_1991,esmc6b,ESMC-6B forward pass on UniProt sequence (layer 64 mean-pool)
emb_esmc6b_1992,esmc6b,ESMC-6B forward pass on UniProt sequence (layer 64 mean-pool)
emb_esmc6b_1993,esmc6b,ESMC-6B forward pass on UniProt sequence (layer 64 mean-pool)
emb_esmc6b_1994,esmc6b,ESMC-6B forward pass on UniProt sequence (layer 64 mean-pool)
emb_esmc6b_1995,esmc6b,ESMC-6B forward pass on UniProt sequence (layer 64 mean-pool)
emb_esmc6b_1996,esmc6b,ESMC-6B forward pass on UniProt sequence (layer 64 mean-pool)
emb_esmc6b_1997,esmc6b,ESMC-6B forward pass on UniProt sequence (layer 64 mean-pool)
emb_esmc6b_1998,esmc6b,ESMC-6B forward pass on UniProt sequence (layer 64 mean-pool)
emb_esmc6b_1999,esmc6b,ESMC-6B forward pass on UniProt sequence (layer 64 mean-pool)
emb_esmc6b_2000,esmc6b,ESMC-6B forward pass on UniProt sequence (layer 64 mean-pool)
emb_esmc6b_2001,esmc6b,ESMC-6B forward pass on UniProt sequence (layer 64 mean-pool)
emb_esmc6b_2002,esmc6b,ESMC-6B forward pass on UniProt sequence (layer 64 mean-pool)
emb_esmc6b_2003,esmc6b,ESMC-6B forward pass on UniProt sequence (layer 64 mean-pool)
emb_esmc6b_2004,esmc6b,ESMC-6B forward pass on UniProt sequence (layer 64 mean-pool)
emb_esmc6b_2005,esmc6b,ESMC-6B forward pass on UniProt sequence (layer 64 mean-pool)
emb_esmc6b_2006,esmc6b,ESMC-6B forward pass on UniProt sequence (layer 64 mean-pool)
emb_esmc6b_2007,esmc6b,ESMC-6B forward pass on UniProt sequence (layer 64 mean-pool)
emb_esmc6b_2008,esmc6b,ESMC-6B forward pass on UniProt sequence (layer 64 mean-pool)
emb_esmc6b_2009,esmc6b,ESMC-6B forward pass on UniProt sequence (layer 64 mean-pool)
emb_esmc6b_2010,esmc6b,ESMC-6B forward pass on UniProt sequence (layer 64 mean-pool)
emb_esmc6b_2011,esmc6b,ESMC-6B forward pass on UniProt sequence (layer 64 mean-pool)
emb_esmc6b_2012,esmc6b,ESMC-6B forward pass on UniProt sequence (layer 64 mean-pool)
emb_esmc6b_2013,esmc6b,ESMC-6B forward pass on UniProt sequence (layer 64 mean-pool)
emb_esmc6b_2014,esmc6b,ESMC-6B forward pass on UniProt sequence (layer 64 mean-pool)
emb_esmc6b_2015,esmc6b,ESMC-6B forward pass on UniProt sequence (layer 64 mean-pool)
emb_esmc6b_2016,esmc6b,ESMC-6B forward pass on UniProt sequence (layer 64 mean-pool)
emb_esmc6b_2017,esmc6b,ESMC-6B forward pass on UniProt sequence (layer 64 mean-pool)
emb_esmc6b_2018,esmc6b,ESMC-6B forward pass on UniProt sequence (layer 64 mean-pool)
emb_esmc6b_2019,esmc6b,ESMC-6B forward pass on UniProt sequence (layer 64 mean-pool)
emb_esmc6b_2020,esmc6b,ESMC-6B forward pass on UniProt sequence (layer 64 mean-pool)
emb_esmc6b_2021,esmc6b,ESMC-6B forward pass on UniProt sequence (layer 64 mean-pool)
emb_esmc6b_2022,esmc6b,ESMC-6B forward pass on UniProt sequence (layer 64 mean-pool)
emb_esmc6b_2023,esmc6b,ESMC-6B forward pass on UniProt sequence (layer 64 mean-pool)
emb_esmc6b_2024,esmc6b,ESMC-6B forward pass on UniProt sequence (layer 64 mean-pool)
emb_esmc6b_2025,esmc6b,ESMC-6B forward pass on UniProt sequence (layer 64 mean-pool)
emb_esmc6b_2026,esmc6b,ESMC-6B forward pass on UniProt sequence (layer 64 mean-pool)
emb_esmc6b_2027,esmc6b,ESMC-6B forward pass on UniProt sequence (layer 64 mean-pool)
emb_esmc6b_2028,esmc6b,ESMC-6B forward pass on UniProt sequence (layer 64 mean-pool)
emb_esmc6b_2029,esmc6b,ESMC-6B forward pass on UniProt sequence (layer 64 mean-pool)
emb_esmc6b_2030,esmc6b,ESMC-6B forward pass on UniProt sequence (layer 64 mean-pool)
emb_esmc6b_2031,esmc6b,ESMC-6B forward pass on UniProt sequence (layer 64 mean-pool)
emb_esmc6b_2032,esmc6b,ESMC-6B forward pass on UniProt sequence (layer 64 mean-pool)
emb_esmc6b_2033,esmc6b,ESMC-6B forward pass on UniProt sequence (layer 64 mean-pool)
emb_esmc6b_2034,esmc6b,ESMC-6B forward pass on UniProt sequence (layer 64 mean-pool)
emb_esmc6b_2035,esmc6b,ESMC-6B forward pass on UniProt sequence (layer 64 mean-pool)
emb_esmc6b_2036,esmc6b,ESMC-6B forward pass on UniProt sequence (layer 64 mean-pool)
emb_esmc6b_2037,esmc6b,ESMC-6B forward pass on UniProt sequence (layer 64 mean-pool)
emb_esmc6b_2038,esmc6b,ESMC-6B forward pass on UniProt sequence (layer 64 mean-pool)
emb_esmc6b_2039,esmc6b,ESMC-6B forward pass on UniProt sequence (layer 64 mean-pool)
emb_esmc6b_2040,esmc6b,ESMC-6B forward pass on UniProt sequence (layer 64 mean-pool)
emb_esmc6b_2041,esmc6b,ESMC-6B forward pass on UniProt sequence (layer 64 mean-pool)
emb_esmc6b_2042,esmc6b,ESMC-6B forward pass on UniProt sequence (layer 64 mean-pool)
emb_esmc6b_2043,esmc6b,ESMC-6B forward pass on UniProt sequence (layer 64 mean-pool)
emb_esmc6b_2044,esmc6b,ESMC-6B forward pass on UniProt sequence (layer 64 mean-pool)
emb_esmc6b_2045,esmc6b,ESMC-6B forward pass on UniProt sequence (layer 64 mean-pool)
emb_esmc6b_2046,esmc6b,ESMC-6B forward pass on UniProt sequence (layer 64 mean-pool)
emb_esmc6b_2047,esmc6b,ESMC-6B forward pass on UniProt sequence (layer 64 mean-pool)
emb_esmc6b_2048,esmc6b,ESMC-6B forward pass on UniProt sequence (layer 64 mean-pool)
emb_esmc6b_2049,esmc6b,ESMC-6B forward pass on UniProt sequence (layer 64 mean-pool)
emb_esmc6b_2050,esmc6b,ESMC-6B forward pass on UniProt sequence (layer 64 mean-pool)
emb_esmc6b_2051,esmc6b,ESMC-6B forward pass on UniProt sequence (layer 64 mean-pool)
emb_esmc6b_2052,esmc6b,ESMC-6B forward pass on UniProt sequence (layer 64 mean-pool)
emb_esmc6b_2053,esmc6b,ESMC-6B forward pass on UniProt sequence (layer 64 mean-pool)
emb_esmc6b_2054,esmc6b,ESMC-6B forward pass on UniProt sequence (layer 64 mean-pool)
emb_esmc6b_2055,esmc6b,ESMC-6B forward pass on UniProt sequence (layer 64 mean-pool)
emb_esmc6b_2056,esmc6b,ESMC-6B forward pass on UniProt sequence (layer 64 mean-pool)
emb_esmc6b_2057,esmc6b,ESMC-6B forward pass on UniProt sequence (layer 64 mean-pool)
emb_esmc6b_2058,esmc6b,ESMC-6B forward pass on UniProt sequence (layer 64 mean-pool)
emb_esmc6b_2059,esmc6b,ESMC-6B forward pass on UniProt sequence (layer 64 mean-pool)
emb_esmc6b_2060,esmc6b,ESMC-6B forward pass on UniProt sequence (layer 64 mean-pool)
emb_esmc6b_2061,esmc6b,ESMC-6B forward pass on UniProt sequence (layer 64 mean-pool)
emb_esmc6b_2062,esmc6b,ESMC-6B forward pass on UniProt sequence (layer 64 mean-pool)
emb_esmc6b_2063,esmc6b,ESMC-6B forward pass on UniProt sequence (layer 64 mean-pool)
emb_esmc6b_2064,esmc6b,ESMC-6B forward pass on UniProt sequence (layer 64 mean-pool)
emb_esmc6b_2065,esmc6b,ESMC-6B forward pass on UniProt sequence (layer 64 mean-pool)
emb_esmc6b_2066,esmc6b,ESMC-6B forward pass on UniProt sequence (layer 64 mean-pool)
emb_esmc6b_2067,esmc6b,ESMC-6B forward pass on UniProt sequence (layer 64 mean-pool)
emb_esmc6b_2068,esmc6b,ESMC-6B forward pass on UniProt sequence (layer 64 mean-pool)
emb_esmc6b_2069,esmc6b,ESMC-6B forward pass on UniProt sequence (layer 64 mean-pool)
emb_esmc6b_2070,esmc6b,ESMC-6B forward pass on UniProt sequence (layer 64 mean-pool)
emb_esmc6b_2071,esmc6b,ESMC-6B forward pass on UniProt sequence (layer 64 mean-pool)
emb_esmc6b_2072,esmc6b,ESMC-6B forward pass on UniProt sequence (layer 64 mean-pool)
emb_esmc6b_2073,esmc6b,ESMC-6B forward pass on UniProt sequence (layer 64 mean-pool)
emb_esmc6b_2074,esmc6b,ESMC-6B forward pass on UniProt sequence (layer 64 mean-pool)
emb_esmc6b_2075,esmc6b,ESMC-6B forward pass on UniProt sequence (layer 64 mean-pool)
emb_esmc6b_2076,esmc6b,ESMC-6B forward pass on UniProt sequence (layer 64 mean-pool)
emb_esmc6b_2077,esmc6b,ESMC-6B forward pass on UniProt sequence (layer 64 mean-pool)
emb_esmc6b_2078,esmc6b,ESMC-6B forward pass on UniProt sequence (layer 64 mean-pool)
emb_esmc6b_2079,esmc6b,ESMC-6B forward pass on UniProt sequence (layer 64 mean-pool)
emb_esmc6b_2080,esmc6b,ESMC-6B forward pass on UniProt sequence (layer 64 mean-pool)
emb_esmc6b_2081,esmc6b,ESMC-6B forward pass on UniProt sequence (layer 64 mean-pool)
emb_esmc6b_2082,esmc6b,ESMC-6B forward pass on UniProt sequence (layer 64 mean-pool)
emb_esmc6b_2083,esmc6b,ESMC-6B forward pass on UniProt sequence (layer 64 mean-pool)
emb_esmc6b_2084,esmc6b,ESMC-6B forward pass on UniProt sequence (layer 64 mean-pool)
emb_esmc6b_2085,esmc6b,ESMC-6B forward pass on UniProt sequence (layer 64 mean-pool)
emb_esmc6b_2086,esmc6b,ESMC-6B forward pass on UniProt sequence (layer 64 mean-pool)
emb_esmc6b_2087,esmc6b,ESMC-6B forward pass on UniProt sequence (layer 64 mean-pool)
emb_esmc6b_2088,esmc6b,ESMC-6B forward pass on UniProt sequence (layer 64 mean-pool)
emb_esmc6b_2089,esmc6b,ESMC-6B forward pass on UniProt sequence (layer 64 mean-pool)
emb_esmc6b_2090,esmc6b,ESMC-6B forward pass on UniProt sequence (layer 64 mean-pool)
emb_esmc6b_2091,esmc6b,ESMC-6B forward pass on UniProt sequence (layer 64 mean-pool)
emb_esmc6b_2092,esmc6b,ESMC-6B forward pass on UniProt sequence (layer 64 mean-pool)
emb_esmc6b_2093,esmc6b,ESMC-6B forward pass on UniProt sequence (layer 64 mean-pool)
emb_esmc6b_2094,esmc6b,ESMC-6B forward pass on UniProt sequence (layer 64 mean-pool)
emb_esmc6b_2095,esmc6b,ESMC-6B forward pass on UniProt sequence (layer 64 mean-pool)
emb_esmc6b_2096,esmc6b,ESMC-6B forward pass on UniProt sequence (layer 64 mean-pool)
emb_esmc6b_2097,esmc6b,ESMC-6B forward pass on UniProt sequence (layer 64 mean-pool)
emb_esmc6b_2098,esmc6b,ESMC-6B forward pass on UniProt sequence (layer 64 mean-pool)
emb_esmc6b_2099,esmc6b,ESMC-6B forward pass on UniProt sequence (layer 64 mean-pool)
emb_esmc6b_2100,esmc6b,ESMC-6B forward pass on UniProt sequence (layer 64 mean-pool)
emb_esmc6b_2101,esmc6b,ESMC-6B forward pass on UniProt sequence (layer 64 mean-pool)
emb_esmc6b_2102,esmc6b,ESMC-6B forward pass on UniProt sequence (layer 64 mean-pool)
emb_esmc6b_2103,esmc6b,ESMC-6B forward pass on UniProt sequence (layer 64 mean-pool)
emb_esmc6b_2104,esmc6b,ESMC-6B forward pass on UniProt sequence (layer 64 mean-pool)
emb_esmc6b_2105,esmc6b,ESMC-6B forward pass on UniProt sequence (layer 64 mean-pool)
emb_esmc6b_2106,esmc6b,ESMC-6B forward pass on UniProt sequence (layer 64 mean-pool)
emb_esmc6b_2107,esmc6b,ESMC-6B forward pass on UniProt sequence (layer 64 mean-pool)
emb_esmc6b_2108,esmc6b,ESMC-6B forward pass on UniProt sequence (layer 64 mean-pool)
emb_esmc6b_2109,esmc6b,ESMC-6B forward pass on UniProt sequence (layer 64 mean-pool)
emb_esmc6b_2110,esmc6b,ESMC-6B forward pass on UniProt sequence (layer 64 mean-pool)
emb_esmc6b_2111,esmc6b,ESMC-6B forward pass on UniProt sequence (layer 64 mean-pool)
emb_esmc6b_2112,esmc6b,ESMC-6B forward pass on UniProt sequence (layer 64 mean-pool)
emb_esmc6b_2113,esmc6b,ESMC-6B forward pass on UniProt sequence (layer 64 mean-pool)
emb_esmc6b_2114,esmc6b,ESMC-6B forward pass on UniProt sequence (layer 64 mean-pool)
emb_esmc6b_2115,esmc6b,ESMC-6B forward pass on UniProt sequence (layer 64 mean-pool)
emb_esmc6b_2116,esmc6b,ESMC-6B forward pass on UniProt sequence (layer 64 mean-pool)
emb_esmc6b_2117,esmc6b,ESMC-6B forward pass on UniProt sequence (layer 64 mean-pool)
emb_esmc6b_2118,esmc6b,ESMC-6B forward pass on UniProt sequence (layer 64 mean-pool)
emb_esmc6b_2119,esmc6b,ESMC-6B forward pass on UniProt sequence (layer 64 mean-pool)
emb_esmc6b_2120,esmc6b,ESMC-6B forward pass on UniProt sequence (layer 64 mean-pool)
emb_esmc6b_2121,esmc6b,ESMC-6B forward pass on UniProt sequence (layer 64 mean-pool)
emb_esmc6b_2122,esmc6b,ESMC-6B forward pass on UniProt sequence (layer 64 mean-pool)
emb_esmc6b_2123,esmc6b,ESMC-6B forward pass on UniProt sequence (layer 64 mean-pool)
emb_esmc6b_2124,esmc6b,ESMC-6B forward pass on UniProt sequence (layer 64 mean-pool)
emb_esmc6b_2125,esmc6b,ESMC-6B forward pass on UniProt sequence (layer 64 mean-pool)
emb_esmc6b_2126,esmc6b,ESMC-6B forward pass on UniProt sequence (layer 64 mean-pool)
emb_esmc6b_2127,esmc6b,ESMC-6B forward pass on UniProt sequence (layer 64 mean-pool)
emb_esmc6b_2128,esmc6b,ESMC-6B forward pass on UniProt sequence (layer 64 mean-pool)
emb_esmc6b_2129,esmc6b,ESMC-6B forward pass on UniProt sequence (layer 64 mean-pool)
emb_esmc6b_2130,esmc6b,ESMC-6B forward pass on UniProt sequence (layer 64 mean-pool)
emb_esmc6b_2131,esmc6b,ESMC-6B forward pass on UniProt sequence (layer 64 mean-pool)
emb_esmc6b_2132,esmc6b,ESMC-6B forward pass on UniProt sequence (layer 64 mean-pool)
emb_esmc6b_2133,esmc6b,ESMC-6B forward pass on UniProt sequence (layer 64 mean-pool)
emb_esmc6b_2134,esmc6b,ESMC-6B forward pass on UniProt sequence (layer 64 mean-pool)
emb_esmc6b_2135,esmc6b,ESMC-6B forward pass on UniProt sequence (layer 64 mean-pool)
emb_esmc6b_2136,esmc6b,ESMC-6B forward pass on UniProt sequence (layer 64 mean-pool)
emb_esmc6b_2137,esmc6b,ESMC-6B forward pass on UniProt sequence (layer 64 mean-pool)
emb_esmc6b_2138,esmc6b,ESMC-6B forward pass on UniProt sequence (layer 64 mean-pool)
emb_esmc6b_2139,esmc6b,ESMC-6B forward pass on UniProt sequence (layer 64 mean-pool)
emb_esmc6b_2140,esmc6b,ESMC-6B forward pass on UniProt sequence (layer 64 mean-pool)
emb_esmc6b_2141,esmc6b,ESMC-6B forward pass on UniProt sequence (layer 64 mean-pool)
emb_esmc6b_2142,esmc6b,ESMC-6B forward pass on UniProt sequence (layer 64 mean-pool)
emb_esmc6b_2143,esmc6b,ESMC-6B forward pass on UniProt sequence (layer 64 mean-pool)
emb_esmc6b_2144,esmc6b,ESMC-6B forward pass on UniProt sequence (layer 64 mean-pool)
emb_esmc6b_2145,esmc6b,ESMC-6B forward pass on UniProt sequence (layer 64 mean-pool)
emb_esmc6b_2146,esmc6b,ESMC-6B forward pass on UniProt sequence (layer 64 mean-pool)
emb_esmc6b_2147,esmc6b,ESMC-6B forward pass on UniProt sequence (layer 64 mean-pool)
emb_esmc6b_2148,esmc6b,ESMC-6B forward pass on UniProt sequence (layer 64 mean-pool)
emb_esmc6b_2149,esmc6b,ESMC-6B forward pass on UniProt sequence (layer 64 mean-pool)
emb_esmc6b_2150,esmc6b,ESMC-6B forward pass on UniProt sequence (layer 64 mean-pool)
emb_esmc6b_2151,esmc6b,ESMC-6B forward pass on UniProt sequence (layer 64 mean-pool)
emb_esmc6b_2152,esmc6b,ESMC-6B forward pass on UniProt sequence (layer 64 mean-pool)
emb_esmc6b_2153,esmc6b,ESMC-6B forward pass on UniProt sequence (layer 64 mean-pool)
emb_esmc6b_2154,esmc6b,ESMC-6B forward pass on UniProt sequence (layer 64 mean-pool)
emb_esmc6b_2155,esmc6b,ESMC-6B forward pass on UniProt sequence (layer 64 mean-pool)
emb_esmc6b_2156,esmc6b,ESMC-6B forward pass on UniProt sequence (layer 64 mean-pool)
emb_esmc6b_2157,esmc6b,ESMC-6B forward pass on UniProt sequence (layer 64 mean-pool)
emb_esmc6b_2158,esmc6b,ESMC-6B forward pass on UniProt sequence (layer 64 mean-pool)
emb_esmc6b_2159,esmc6b,ESMC-6B forward pass on UniProt sequence (layer 64 mean-pool)
emb_esmc6b_2160,esmc6b,ESMC-6B forward pass on UniProt sequence (layer 64 mean-pool)
emb_esmc6b_2161,esmc6b,ESMC-6B forward pass on UniProt sequence (layer 64 mean-pool)
emb_esmc6b_2162,esmc6b,ESMC-6B forward pass on UniProt sequence (layer 64 mean-pool)
emb_esmc6b_2163,esmc6b,ESMC-6B forward pass on UniProt sequence (layer 64 mean-pool)
emb_esmc6b_2164,esmc6b,ESMC-6B forward pass on UniProt sequence (layer 64 mean-pool)
emb_esmc6b_2165,esmc6b,ESMC-6B forward pass on UniProt sequence (layer 64 mean-pool)
emb_esmc6b_2166,esmc6b,ESMC-6B forward pass on UniProt sequence (layer 64 mean-pool)
emb_esmc6b_2167,esmc6b,ESMC-6B forward pass on UniProt sequence (layer 64 mean-pool)
emb_esmc6b_2168,esmc6b,ESMC-6B forward pass on UniProt sequence (layer 64 mean-pool)
emb_esmc6b_2169,esmc6b,ESMC-6B forward pass on UniProt sequence (layer 64 mean-pool)
emb_esmc6b_2170,esmc6b,ESMC-6B forward pass on UniProt sequence (layer 64 mean-pool)
emb_esmc6b_2171,esmc6b,ESMC-6B forward pass on UniProt sequence (layer 64 mean-pool)
emb_esmc6b_2172,esmc6b,ESMC-6B forward pass on UniProt sequence (layer 64 mean-pool)
emb_esmc6b_2173,esmc6b,ESMC-6B forward pass on UniProt sequence (layer 64 mean-pool)
emb_esmc6b_2174,esmc6b,ESMC-6B forward pass on UniProt sequence (layer 64 mean-pool)
emb_esmc6b_2175,esmc6b,ESMC-6B forward pass on UniProt sequence (layer 64 mean-pool)
emb_esmc6b_2176,esmc6b,ESMC-6B forward pass on UniProt sequence (layer 64 mean-pool)
emb_esmc6b_2177,esmc6b,ESMC-6B forward pass on UniProt sequence (layer 64 mean-pool)
emb_esmc6b_2178,esmc6b,ESMC-6B forward pass on UniProt sequence (layer 64 mean-pool)
emb_esmc6b_2179,esmc6b,ESMC-6B forward pass on UniProt sequence (layer 64 mean-pool)
emb_esmc6b_2180,esmc6b,ESMC-6B forward pass on UniProt sequence (layer 64 mean-pool)
emb_esmc6b_2181,esmc6b,ESMC-6B forward pass on UniProt sequence (layer 64 mean-pool)
emb_esmc6b_2182,esmc6b,ESMC-6B forward pass on UniProt sequence (layer 64 mean-pool)
emb_esmc6b_2183,esmc6b,ESMC-6B forward pass on UniProt sequence (layer 64 mean-pool)
emb_esmc6b_2184,esmc6b,ESMC-6B forward pass on UniProt sequence (layer 64 mean-pool)
emb_esmc6b_2185,esmc6b,ESMC-6B forward pass on UniProt sequence (layer 64 mean-pool)
emb_esmc6b_2186,esmc6b,ESMC-6B forward pass on UniProt sequence (layer 64 mean-pool)
emb_esmc6b_2187,esmc6b,ESMC-6B forward pass on UniProt sequence (layer 64 mean-pool)
emb_esmc6b_2188,esmc6b,ESMC-6B forward pass on UniProt sequence (layer 64 mean-pool)
emb_esmc6b_2189,esmc6b,ESMC-6B forward pass on UniProt sequence (layer 64 mean-pool)
emb_esmc6b_2190,esmc6b,ESMC-6B forward pass on UniProt sequence (layer 64 mean-pool)
emb_esmc6b_2191,esmc6b,ESMC-6B forward pass on UniProt sequence (layer 64 mean-pool)
emb_esmc6b_2192,esmc6b,ESMC-6B forward pass on UniProt sequence (layer 64 mean-pool)
emb_esmc6b_2193,esmc6b,ESMC-6B forward pass on UniProt sequence (layer 64 mean-pool)
emb_esmc6b_2194,esmc6b,ESMC-6B forward pass on UniProt sequence (layer 64 mean-pool)
emb_esmc6b_2195,esmc6b,ESMC-6B forward pass on UniProt sequence (layer 64 mean-pool)
emb_esmc6b_2196,esmc6b,ESMC-6B forward pass on UniProt sequence (layer 64 mean-pool)
emb_esmc6b_2197,esmc6b,ESMC-6B forward pass on UniProt sequence (layer 64 mean-pool)
emb_esmc6b_2198,esmc6b,ESMC-6B forward pass on UniProt sequence (layer 64 mean-pool)
emb_esmc6b_2199,esmc6b,ESMC-6B forward pass on UniProt sequence (layer 64 mean-pool)
emb_esmc6b_2200,esmc6b,ESMC-6B forward pass on UniProt sequence (layer 64 mean-pool)
emb_esmc6b_2201,esmc6b,ESMC-6B forward pass on UniProt sequence (layer 64 mean-pool)
emb_esmc6b_2202,esmc6b,ESMC-6B forward pass on UniProt sequence (layer 64 mean-pool)
emb_esmc6b_2203,esmc6b,ESMC-6B forward pass on UniProt sequence (layer 64 mean-pool)
emb_esmc6b_2204,esmc6b,ESMC-6B forward pass on UniProt sequence (layer 64 mean-pool)
emb_esmc6b_2205,esmc6b,ESMC-6B forward pass on UniProt sequence (layer 64 mean-pool)
emb_esmc6b_2206,esmc6b,ESMC-6B forward pass on UniProt sequence (layer 64 mean-pool)
emb_esmc6b_2207,esmc6b,ESMC-6B forward pass on UniProt sequence (layer 64 mean-pool)
emb_esmc6b_2208,esmc6b,ESMC-6B forward pass on UniProt sequence (layer 64 mean-pool)
emb_esmc6b_2209,esmc6b,ESMC-6B forward pass on UniProt sequence (layer 64 mean-pool)
emb_esmc6b_2210,esmc6b,ESMC-6B forward pass on UniProt sequence (layer 64 mean-pool)
emb_esmc6b_2211,esmc6b,ESMC-6B forward pass on UniProt sequence (layer 64 mean-pool)
emb_esmc6b_2212,esmc6b,ESMC-6B forward pass on UniProt sequence (layer 64 mean-pool)
emb_esmc6b_2213,esmc6b,ESMC-6B forward pass on UniProt sequence (layer 64 mean-pool)
emb_esmc6b_2214,esmc6b,ESMC-6B forward pass on UniProt sequence (layer 64 mean-pool)
emb_esmc6b_2215,esmc6b,ESMC-6B forward pass on UniProt sequence (layer 64 mean-pool)
emb_esmc6b_2216,esmc6b,ESMC-6B forward pass on UniProt sequence (layer 64 mean-pool)
emb_esmc6b_2217,esmc6b,ESMC-6B forward pass on UniProt sequence (layer 64 mean-pool)
emb_esmc6b_2218,esmc6b,ESMC-6B forward pass on UniProt sequence (layer 64 mean-pool)
emb_esmc6b_2219,esmc6b,ESMC-6B forward pass on UniProt sequence (layer 64 mean-pool)
emb_esmc6b_2220,esmc6b,ESMC-6B forward pass on UniProt sequence (layer 64 mean-pool)
emb_esmc6b_2221,esmc6b,ESMC-6B forward pass on UniProt sequence (layer 64 mean-pool)
emb_esmc6b_2222,esmc6b,ESMC-6B forward pass on UniProt sequence (layer 64 mean-pool)
emb_esmc6b_2223,esmc6b,ESMC-6B forward pass on UniProt sequence (layer 64 mean-pool)
emb_esmc6b_2224,esmc6b,ESMC-6B forward pass on UniProt sequence (layer 64 mean-pool)
emb_esmc6b_2225,esmc6b,ESMC-6B forward pass on UniProt sequence (layer 64 mean-pool)
emb_esmc6b_2226,esmc6b,ESMC-6B forward pass on UniProt sequence (layer 64 mean-pool)
emb_esmc6b_2227,esmc6b,ESMC-6B forward pass on UniProt sequence (layer 64 mean-pool)
emb_esmc6b_2228,esmc6b,ESMC-6B forward pass on UniProt sequence (layer 64 mean-pool)
emb_esmc6b_2229,esmc6b,ESMC-6B forward pass on UniProt sequence (layer 64 mean-pool)
emb_esmc6b_2230,esmc6b,ESMC-6B forward pass on UniProt sequence (layer 64 mean-pool)
emb_esmc6b_2231,esmc6b,ESMC-6B forward pass on UniProt sequence (layer 64 mean-pool)
emb_esmc6b_2232,esmc6b,ESMC-6B forward pass on UniProt sequence (layer 64 mean-pool)
emb_esmc6b_2233,esmc6b,ESMC-6B forward pass on UniProt sequence (layer 64 mean-pool)
emb_esmc6b_2234,esmc6b,ESMC-6B forward pass on UniProt sequence (layer 64 mean-pool)
emb_esmc6b_2235,esmc6b,ESMC-6B forward pass on UniProt sequence (layer 64 mean-pool)
emb_esmc6b_2236,esmc6b,ESMC-6B forward pass on UniProt sequence (layer 64 mean-pool)
emb_esmc6b_2237,esmc6b,ESMC-6B forward pass on UniProt sequence (layer 64 mean-pool)
emb_esmc6b_2238,esmc6b,ESMC-6B forward pass on UniProt sequence (layer 64 mean-pool)
emb_esmc6b_2239,esmc6b,ESMC-6B forward pass on UniProt sequence (layer 64 mean-pool)
emb_esmc6b_2240,esmc6b,ESMC-6B forward pass on UniProt sequence (layer 64 mean-pool)
emb_esmc6b_2241,esmc6b,ESMC-6B forward pass on UniProt sequence (layer 64 mean-pool)
emb_esmc6b_2242,esmc6b,ESMC-6B forward pass on UniProt sequence (layer 64 mean-pool)
emb_esmc6b_2243,esmc6b,ESMC-6B forward pass on UniProt sequence (layer 64 mean-pool)
emb_esmc6b_2244,esmc6b,ESMC-6B forward pass on UniProt sequence (layer 64 mean-pool)
emb_esmc6b_2245,esmc6b,ESMC-6B forward pass on UniProt sequence (layer 64 mean-pool)
emb_esmc6b_2246,esmc6b,ESMC-6B forward pass on UniProt sequence (layer 64 mean-pool)
emb_esmc6b_2247,esmc6b,ESMC-6B forward pass on UniProt sequence (layer 64 mean-pool)
emb_esmc6b_2248,esmc6b,ESMC-6B forward pass on UniProt sequence (layer 64 mean-pool)
emb_esmc6b_2249,esmc6b,ESMC-6B forward pass on UniProt sequence (layer 64 mean-pool)
emb_esmc6b_2250,esmc6b,ESMC-6B forward pass on UniProt sequence (layer 64 mean-pool)
emb_esmc6b_2251,esmc6b,ESMC-6B forward pass on UniProt sequence (layer 64 mean-pool)
emb_esmc6b_2252,esmc6b,ESMC-6B forward pass on UniProt sequence (layer 64 mean-pool)
emb_esmc6b_2253,esmc6b,ESMC-6B forward pass on UniProt sequence (layer 64 mean-pool)
emb_esmc6b_2254,esmc6b,ESMC-6B forward pass on UniProt sequence (layer 64 mean-pool)
emb_esmc6b_2255,esmc6b,ESMC-6B forward pass on UniProt sequence (layer 64 mean-pool)
emb_esmc6b_2256,esmc6b,ESMC-6B forward pass on UniProt sequence (layer 64 mean-pool)
emb_esmc6b_2257,esmc6b,ESMC-6B forward pass on UniProt sequence (layer 64 mean-pool)
emb_esmc6b_2258,esmc6b,ESMC-6B forward pass on UniProt sequence (layer 64 mean-pool)
emb_esmc6b_2259,esmc6b,ESMC-6B forward pass on UniProt sequence (layer 64 mean-pool)
emb_esmc6b_2260,esmc6b,ESMC-6B forward pass on UniProt sequence (layer 64 mean-pool)
emb_esmc6b_2261,esmc6b,ESMC-6B forward pass on UniProt sequence (layer 64 mean-pool)
emb_esmc6b_2262,esmc6b,ESMC-6B forward pass on UniProt sequence (layer 64 mean-pool)
emb_esmc6b_2263,esmc6b,ESMC-6B forward pass on UniProt sequence (layer 64 mean-pool)
emb_esmc6b_2264,esmc6b,ESMC-6B forward pass on UniProt sequence (layer 64 mean-pool)
emb_esmc6b_2265,esmc6b,ESMC-6B forward pass on UniProt sequence (layer 64 mean-pool)
emb_esmc6b_2266,esmc6b,ESMC-6B forward pass on UniProt sequence (layer 64 mean-pool)
emb_esmc6b_2267,esmc6b,ESMC-6B forward pass on UniProt sequence (layer 64 mean-pool)
emb_esmc6b_2268,esmc6b,ESMC-6B forward pass on UniProt sequence (layer 64 mean-pool)
emb_esmc6b_2269,esmc6b,ESMC-6B forward pass on UniProt sequence (layer 64 mean-pool)
emb_esmc6b_2270,esmc6b,ESMC-6B forward pass on UniProt sequence (layer 64 mean-pool)
emb_esmc6b_2271,esmc6b,ESMC-6B forward pass on UniProt sequence (layer 64 mean-pool)
emb_esmc6b_2272,esmc6b,ESMC-6B forward pass on UniProt sequence (layer 64 mean-pool)
emb_esmc6b_2273,esmc6b,ESMC-6B forward pass on UniProt sequence (layer 64 mean-pool)
emb_esmc6b_2274,esmc6b,ESMC-6B forward pass on UniProt sequence (layer 64 mean-pool)
emb_esmc6b_2275,esmc6b,ESMC-6B forward pass on UniProt sequence (layer 64 mean-pool)
emb_esmc6b_2276,esmc6b,ESMC-6B forward pass on UniProt sequence (layer 64 mean-pool)
emb_esmc6b_2277,esmc6b,ESMC-6B forward pass on UniProt sequence (layer 64 mean-pool)
emb_esmc6b_2278,esmc6b,ESMC-6B forward pass on UniProt sequence (layer 64 mean-pool)
emb_esmc6b_2279,esmc6b,ESMC-6B forward pass on UniProt sequence (layer 64 mean-pool)
emb_esmc6b_2280,esmc6b,ESMC-6B forward pass on UniProt sequence (layer 64 mean-pool)
emb_esmc6b_2281,esmc6b,ESMC-6B forward pass on UniProt sequence (layer 64 mean-pool)
emb_esmc6b_2282,esmc6b,ESMC-6B forward pass on UniProt sequence (layer 64 mean-pool)
emb_esmc6b_2283,esmc6b,ESMC-6B forward pass on UniProt sequence (layer 64 mean-pool)
emb_esmc6b_2284,esmc6b,ESMC-6B forward pass on UniProt sequence (layer 64 mean-pool)
emb_esmc6b_2285,esmc6b,ESMC-6B forward pass on UniProt sequence (layer 64 mean-pool)
emb_esmc6b_2286,esmc6b,ESMC-6B forward pass on UniProt sequence (layer 64 mean-pool)
emb_esmc6b_2287,esmc6b,ESMC-6B forward pass on UniProt sequence (layer 64 mean-pool)
emb_esmc6b_2288,esmc6b,ESMC-6B forward pass on UniProt sequence (layer 64 mean-pool)
emb_esmc6b_2289,esmc6b,ESMC-6B forward pass on UniProt sequence (layer 64 mean-pool)
emb_esmc6b_2290,esmc6b,ESMC-6B forward pass on UniProt sequence (layer 64 mean-pool)
emb_esmc6b_2291,esmc6b,ESMC-6B forward pass on UniProt sequence (layer 64 mean-pool)
emb_esmc6b_2292,esmc6b,ESMC-6B forward pass on UniProt sequence (layer 64 mean-pool)
emb_esmc6b_2293,esmc6b,ESMC-6B forward pass on UniProt sequence (layer 64 mean-pool)
emb_esmc6b_2294,esmc6b,ESMC-6B forward pass on UniProt sequence (layer 64 mean-pool)
emb_esmc6b_2295,esmc6b,ESMC-6B forward pass on UniProt sequence (layer 64 mean-pool)
emb_esmc6b_2296,esmc6b,ESMC-6B forward pass on UniProt sequence (layer 64 mean-pool)
emb_esmc6b_2297,esmc6b,ESMC-6B forward pass on UniProt sequence (layer 64 mean-pool)
emb_esmc6b_2298,esmc6b,ESMC-6B forward pass on UniProt sequence (layer 64 mean-pool)
emb_esmc6b_2299,esmc6b,ESMC-6B forward pass on UniProt sequence (layer 64 mean-pool)
emb_esmc6b_2300,esmc6b,ESMC-6B forward pass on UniProt sequence (layer 64 mean-pool)
emb_esmc6b_2301,esmc6b,ESMC-6B forward pass on UniProt sequence (layer 64 mean-pool)
emb_esmc6b_2302,esmc6b,ESMC-6B forward pass on UniProt sequence (layer 64 mean-pool)
emb_esmc6b_2303,esmc6b,ESMC-6B forward pass on UniProt sequence (layer 64 mean-pool)
emb_esmc6b_2304,esmc6b,ESMC-6B forward pass on UniProt sequence (layer 64 mean-pool)
emb_esmc6b_2305,esmc6b,ESMC-6B forward pass on UniProt sequence (layer 64 mean-pool)
emb_esmc6b_2306,esmc6b,ESMC-6B forward pass on UniProt sequence (layer 64 mean-pool)
emb_esmc6b_2307,esmc6b,ESMC-6B forward pass on UniProt sequence (layer 64 mean-pool)
emb_esmc6b_2308,esmc6b,ESMC-6B forward pass on UniProt sequence (layer 64 mean-pool)
emb_esmc6b_2309,esmc6b,ESMC-6B forward pass on UniProt sequence (layer 64 mean-pool)
emb_esmc6b_2310,esmc6b,ESMC-6B forward pass on UniProt sequence (layer 64 mean-pool)
emb_esmc6b_2311,esmc6b,ESMC-6B forward pass on UniProt sequence (layer 64 mean-pool)
emb_esmc6b_2312,esmc6b,ESMC-6B forward pass on UniProt sequence (layer 64 mean-pool)
emb_esmc6b_2313,esmc6b,ESMC-6B forward pass on UniProt sequence (layer 64 mean-pool)
emb_esmc6b_2314,esmc6b,ESMC-6B forward pass on UniProt sequence (layer 64 mean-pool)
emb_esmc6b_2315,esmc6b,ESMC-6B forward pass on UniProt sequence (layer 64 mean-pool)
emb_esmc6b_2316,esmc6b,ESMC-6B forward pass on UniProt sequence (layer 64 mean-pool)
emb_esmc6b_2317,esmc6b,ESMC-6B forward pass on UniProt sequence (layer 64 mean-pool)
emb_esmc6b_2318,esmc6b,ESMC-6B forward pass on UniProt sequence (layer 64 mean-pool)
emb_esmc6b_2319,esmc6b,ESMC-6B forward pass on UniProt sequence (layer 64 mean-pool)
emb_esmc6b_2320,esmc6b,ESMC-6B forward pass on UniProt sequence (layer 64 mean-pool)
emb_esmc6b_2321,esmc6b,ESMC-6B forward pass on UniProt sequence (layer 64 mean-pool)
emb_esmc6b_2322,esmc6b,ESMC-6B forward pass on UniProt sequence (layer 64 mean-pool)
emb_esmc6b_2323,esmc6b,ESMC-6B forward pass on UniProt sequence (layer 64 mean-pool)
emb_esmc6b_2324,esmc6b,ESMC-6B forward pass on UniProt sequence (layer 64 mean-pool)
emb_esmc6b_2325,esmc6b,ESMC-6B forward pass on UniProt sequence (layer 64 mean-pool)
emb_esmc6b_2326,esmc6b,ESMC-6B forward pass on UniProt sequence (layer 64 mean-pool)
emb_esmc6b_2327,esmc6b,ESMC-6B forward pass on UniProt sequence (layer 64 mean-pool)
emb_esmc6b_2328,esmc6b,ESMC-6B forward pass on UniProt sequence (layer 64 mean-pool)
emb_esmc6b_2329,esmc6b,ESMC-6B forward pass on UniProt sequence (layer 64 mean-pool)
emb_esmc6b_2330,esmc6b,ESMC-6B forward pass on UniProt sequence (layer 64 mean-pool)
emb_esmc6b_2331,esmc6b,ESMC-6B forward pass on UniProt sequence (layer 64 mean-pool)
emb_esmc6b_2332,esmc6b,ESMC-6B forward pass on UniProt sequence (layer 64 mean-pool)
emb_esmc6b_2333,esmc6b,ESMC-6B forward pass on UniProt sequence (layer 64 mean-pool)
emb_esmc6b_2334,esmc6b,ESMC-6B forward pass on UniProt sequence (layer 64 mean-pool)
emb_esmc6b_2335,esmc6b,ESMC-6B forward pass on UniProt sequence (layer 64 mean-pool)
emb_esmc6b_2336,esmc6b,ESMC-6B forward pass on UniProt sequence (layer 64 mean-pool)
emb_esmc6b_2337,esmc6b,ESMC-6B forward pass on UniProt sequence (layer 64 mean-pool)
emb_esmc6b_2338,esmc6b,ESMC-6B forward pass on UniProt sequence (layer 64 mean-pool)
emb_esmc6b_2339,esmc6b,ESMC-6B forward pass on UniProt sequence (layer 64 mean-pool)
emb_esmc6b_2340,esmc6b,ESMC-6B forward pass on UniProt sequence (layer 64 mean-pool)
emb_esmc6b_2341,esmc6b,ESMC-6B forward pass on UniProt sequence (layer 64 mean-pool)
emb_esmc6b_2342,esmc6b,ESMC-6B forward pass on UniProt sequence (layer 64 mean-pool)
emb_esmc6b_2343,esmc6b,ESMC-6B forward pass on UniProt sequence (layer 64 mean-pool)
emb_esmc6b_2344,esmc6b,ESMC-6B forward pass on UniProt sequence (layer 64 mean-pool)
emb_esmc6b_2345,esmc6b,ESMC-6B forward pass on UniProt sequence (layer 64 mean-pool)
emb_esmc6b_2346,esmc6b,ESMC-6B forward pass on UniProt sequence (layer 64 mean-pool)
emb_esmc6b_2347,esmc6b,ESMC-6B forward pass on UniProt sequence (layer 64 mean-pool)
emb_esmc6b_2348,esmc6b,ESMC-6B forward pass on UniProt sequence (layer 64 mean-pool)
emb_esmc6b_2349,esmc6b,ESMC-6B forward pass on UniProt sequence (layer 64 mean-pool)
emb_esmc6b_2350,esmc6b,ESMC-6B forward pass on UniProt sequence (layer 64 mean-pool)
emb_esmc6b_2351,esmc6b,ESMC-6B forward pass on UniProt sequence (layer 64 mean-pool)
emb_esmc6b_2352,esmc6b,ESMC-6B forward pass on UniProt sequence (layer 64 mean-pool)
emb_esmc6b_2353,esmc6b,ESMC-6B forward pass on UniProt sequence (layer 64 mean-pool)
emb_esmc6b_2354,esmc6b,ESMC-6B forward pass on UniProt sequence (layer 64 mean-pool)
emb_esmc6b_2355,esmc6b,ESMC-6B forward pass on UniProt sequence (layer 64 mean-pool)
emb_esmc6b_2356,esmc6b,ESMC-6B forward pass on UniProt sequence (layer 64 mean-pool)
emb_esmc6b_2357,esmc6b,ESMC-6B forward pass on UniProt sequence (layer 64 mean-pool)
emb_esmc6b_2358,esmc6b,ESMC-6B forward pass on UniProt sequence (layer 64 mean-pool)
emb_esmc6b_2359,esmc6b,ESMC-6B forward pass on UniProt sequence (layer 64 mean-pool)
emb_esmc6b_2360,esmc6b,ESMC-6B forward pass on UniProt sequence (layer 64 mean-pool)
emb_esmc6b_2361,esmc6b,ESMC-6B forward pass on UniProt sequence (layer 64 mean-pool)
emb_esmc6b_2362,esmc6b,ESMC-6B forward pass on UniProt sequence (layer 64 mean-pool)
emb_esmc6b_2363,esmc6b,ESMC-6B forward pass on UniProt sequence (layer 64 mean-pool)
emb_esmc6b_2364,esmc6b,ESMC-6B forward pass on UniProt sequence (layer 64 mean-pool)
emb_esmc6b_2365,esmc6b,ESMC-6B forward pass on UniProt sequence (layer 64 mean-pool)
emb_esmc6b_2366,esmc6b,ESMC-6B forward pass on UniProt sequence (layer 64 mean-pool)
emb_esmc6b_2367,esmc6b,ESMC-6B forward pass on UniProt sequence (layer 64 mean-pool)
emb_esmc6b_2368,esmc6b,ESMC-6B forward pass on UniProt sequence (layer 64 mean-pool)
emb_esmc6b_2369,esmc6b,ESMC-6B forward pass on UniProt sequence (layer 64 mean-pool)
emb_esmc6b_2370,esmc6b,ESMC-6B forward pass on UniProt sequence (layer 64 mean-pool)
emb_esmc6b_2371,esmc6b,ESMC-6B forward pass on UniProt sequence (layer 64 mean-pool)
emb_esmc6b_2372,esmc6b,ESMC-6B forward pass on UniProt sequence (layer 64 mean-pool)
emb_esmc6b_2373,esmc6b,ESMC-6B forward pass on UniProt sequence (layer 64 mean-pool)
emb_esmc6b_2374,esmc6b,ESMC-6B forward pass on UniProt sequence (layer 64 mean-pool)
emb_esmc6b_2375,esmc6b,ESMC-6B forward pass on UniProt sequence (layer 64 mean-pool)
emb_esmc6b_2376,esmc6b,ESMC-6B forward pass on UniProt sequence (layer 64 mean-pool)
emb_esmc6b_2377,esmc6b,ESMC-6B forward pass on UniProt sequence (layer 64 mean-pool)
emb_esmc6b_2378,esmc6b,ESMC-6B forward pass on UniProt sequence (layer 64 mean-pool)
emb_esmc6b_2379,esmc6b,ESMC-6B forward pass on UniProt sequence (layer 64 mean-pool)
emb_esmc6b_2380,esmc6b,ESMC-6B forward pass on UniProt sequence (layer 64 mean-pool)
emb_esmc6b_2381,esmc6b,ESMC-6B forward pass on UniProt sequence (layer 64 mean-pool)
emb_esmc6b_2382,esmc6b,ESMC-6B forward pass on UniProt sequence (layer 64 mean-pool)
emb_esmc6b_2383,esmc6b,ESMC-6B forward pass on UniProt sequence (layer 64 mean-pool)
emb_esmc6b_2384,esmc6b,ESMC-6B forward pass on UniProt sequence (layer 64 mean-pool)
emb_esmc6b_2385,esmc6b,ESMC-6B forward pass on UniProt sequence (layer 64 mean-pool)
emb_esmc6b_2386,esmc6b,ESMC-6B forward pass on UniProt sequence (layer 64 mean-pool)
emb_esmc6b_2387,esmc6b,ESMC-6B forward pass on UniProt sequence (layer 64 mean-pool)
emb_esmc6b_2388,esmc6b,ESMC-6B forward pass on UniProt sequence (layer 64 mean-pool)
emb_esmc6b_2389,esmc6b,ESMC-6B forward pass on UniProt sequence (layer 64 mean-pool)
emb_esmc6b_2390,esmc6b,ESMC-6B forward pass on UniProt sequence (layer 64 mean-pool)
emb_esmc6b_2391,esmc6b,ESMC-6B forward pass on UniProt sequence (layer 64 mean-pool)
emb_esmc6b_2392,esmc6b,ESMC-6B forward pass on UniProt sequence (layer 64 mean-pool)
emb_esmc6b_2393,esmc6b,ESMC-6B forward pass on UniProt sequence (layer 64 mean-pool)
emb_esmc6b_2394,esmc6b,ESMC-6B forward pass on UniProt sequence (layer 64 mean-pool)
emb_esmc6b_2395,esmc6b,ESMC-6B forward pass on UniProt sequence (layer 64 mean-pool)
emb_esmc6b_2396,esmc6b,ESMC-6B forward pass on UniProt sequence (layer 64 mean-pool)
emb_esmc6b_2397,esmc6b,ESMC-6B forward pass on UniProt sequence (layer 64 mean-pool)
emb_esmc6b_2398,esmc6b,ESMC-6B forward pass on UniProt sequence (layer 64 mean-pool)
emb_esmc6b_2399,esmc6b,ESMC-6B forward pass on UniProt sequence (layer 64 mean-pool)
emb_esmc6b_2400,esmc6b,ESMC-6B forward pass on UniProt sequence (layer 64 mean-pool)
emb_esmc6b_2401,esmc6b,ESMC-6B forward pass on UniProt sequence (layer 64 mean-pool)
emb_esmc6b_2402,esmc6b,ESMC-6B forward pass on UniProt sequence (layer 64 mean-pool)
emb_esmc6b_2403,esmc6b,ESMC-6B forward pass on UniProt sequence (layer 64 mean-pool)
emb_esmc6b_2404,esmc6b,ESMC-6B forward pass on UniProt sequence (layer 64 mean-pool)
emb_esmc6b_2405,esmc6b,ESMC-6B forward pass on UniProt sequence (layer 64 mean-pool)
emb_esmc6b_2406,esmc6b,ESMC-6B forward pass on UniProt sequence (layer 64 mean-pool)
emb_esmc6b_2407,esmc6b,ESMC-6B forward pass on UniProt sequence (layer 64 mean-pool)
emb_esmc6b_2408,esmc6b,ESMC-6B forward pass on UniProt sequence (layer 64 mean-pool)
emb_esmc6b_2409,esmc6b,ESMC-6B forward pass on UniProt sequence (layer 64 mean-pool)
emb_esmc6b_2410,esmc6b,ESMC-6B forward pass on UniProt sequence (layer 64 mean-pool)
emb_esmc6b_2411,esmc6b,ESMC-6B forward pass on UniProt sequence (layer 64 mean-pool)
emb_esmc6b_2412,esmc6b,ESMC-6B forward pass on UniProt sequence (layer 64 mean-pool)
emb_esmc6b_2413,esmc6b,ESMC-6B forward pass on UniProt sequence (layer 64 mean-pool)
emb_esmc6b_2414,esmc6b,ESMC-6B forward pass on UniProt sequence (layer 64 mean-pool)
emb_esmc6b_2415,esmc6b,ESMC-6B forward pass on UniProt sequence (layer 64 mean-pool)
emb_esmc6b_2416,esmc6b,ESMC-6B forward pass on UniProt sequence (layer 64 mean-pool)
emb_esmc6b_2417,esmc6b,ESMC-6B forward pass on UniProt sequence (layer 64 mean-pool)
emb_esmc6b_2418,esmc6b,ESMC-6B forward pass on UniProt sequence (layer 64 mean-pool)
emb_esmc6b_2419,esmc6b,ESMC-6B forward pass on UniProt sequence (layer 64 mean-pool)
emb_esmc6b_2420,esmc6b,ESMC-6B forward pass on UniProt sequence (layer 64 mean-pool)
emb_esmc6b_2421,esmc6b,ESMC-6B forward pass on UniProt sequence (layer 64 mean-pool)
emb_esmc6b_2422,esmc6b,ESMC-6B forward pass on UniProt sequence (layer 64 mean-pool)
emb_esmc6b_2423,esmc6b,ESMC-6B forward pass on UniProt sequence (layer 64 mean-pool)
emb_esmc6b_2424,esmc6b,ESMC-6B forward pass on UniProt sequence (layer 64 mean-pool)
emb_esmc6b_2425,esmc6b,ESMC-6B forward pass on UniProt sequence (layer 64 mean-pool)
emb_esmc6b_2426,esmc6b,ESMC-6B forward pass on UniProt sequence (layer 64 mean-pool)
emb_esmc6b_2427,esmc6b,ESMC-6B forward pass on UniProt sequence (layer 64 mean-pool)
emb_esmc6b_2428,esmc6b,ESMC-6B forward pass on UniProt sequence (layer 64 mean-pool)
emb_esmc6b_2429,esmc6b,ESMC-6B forward pass on UniProt sequence (layer 64 mean-pool)
emb_esmc6b_2430,esmc6b,ESMC-6B forward pass on UniProt sequence (layer 64 mean-pool)
emb_esmc6b_2431,esmc6b,ESMC-6B forward pass on UniProt sequence (layer 64 mean-pool)
emb_esmc6b_2432,esmc6b,ESMC-6B forward pass on UniProt sequence (layer 64 mean-pool)
emb_esmc6b_2433,esmc6b,ESMC-6B forward pass on UniProt sequence (layer 64 mean-pool)
emb_esmc6b_2434,esmc6b,ESMC-6B forward pass on UniProt sequence (layer 64 mean-pool)
emb_esmc6b_2435,esmc6b,ESMC-6B forward pass on UniProt sequence (layer 64 mean-pool)
emb_esmc6b_2436,esmc6b,ESMC-6B forward pass on UniProt sequence (layer 64 mean-pool)
emb_esmc6b_2437,esmc6b,ESMC-6B forward pass on UniProt sequence (layer 64 mean-pool)
emb_esmc6b_2438,esmc6b,ESMC-6B forward pass on UniProt sequence (layer 64 mean-pool)
emb_esmc6b_2439,esmc6b,ESMC-6B forward pass on UniProt sequence (layer 64 mean-pool)
emb_esmc6b_2440,esmc6b,ESMC-6B forward pass on UniProt sequence (layer 64 mean-pool)
emb_esmc6b_2441,esmc6b,ESMC-6B forward pass on UniProt sequence (layer 64 mean-pool)
emb_esmc6b_2442,esmc6b,ESMC-6B forward pass on UniProt sequence (layer 64 mean-pool)
emb_esmc6b_2443,esmc6b,ESMC-6B forward pass on UniProt sequence (layer 64 mean-pool)
emb_esmc6b_2444,esmc6b,ESMC-6B forward pass on UniProt sequence (layer 64 mean-pool)
emb_esmc6b_2445,esmc6b,ESMC-6B forward pass on UniProt sequence (layer 64 mean-pool)
emb_esmc6b_2446,esmc6b,ESMC-6B forward pass on UniProt sequence (layer 64 mean-pool)
emb_esmc6b_2447,esmc6b,ESMC-6B forward pass on UniProt sequence (layer 64 mean-pool)
emb_esmc6b_2448,esmc6b,ESMC-6B forward pass on UniProt sequence (layer 64 mean-pool)
emb_esmc6b_2449,esmc6b,ESMC-6B forward pass on UniProt sequence (layer 64 mean-pool)
emb_esmc6b_2450,esmc6b,ESMC-6B forward pass on UniProt sequence (layer 64 mean-pool)
emb_esmc6b_2451,esmc6b,ESMC-6B forward pass on UniProt sequence (layer 64 mean-pool)
emb_esmc6b_2452,esmc6b,ESMC-6B forward pass on UniProt sequence (layer 64 mean-pool)
emb_esmc6b_2453,esmc6b,ESMC-6B forward pass on UniProt sequence (layer 64 mean-pool)
emb_esmc6b_2454,esmc6b,ESMC-6B forward pass on UniProt sequence (layer 64 mean-pool)
emb_esmc6b_2455,esmc6b,ESMC-6B forward pass on UniProt sequence (layer 64 mean-pool)
emb_esmc6b_2456,esmc6b,ESMC-6B forward pass on UniProt sequence (layer 64 mean-pool)
emb_esmc6b_2457,esmc6b,ESMC-6B forward pass on UniProt sequence (layer 64 mean-pool)
emb_esmc6b_2458,esmc6b,ESMC-6B forward pass on UniProt sequence (layer 64 mean-pool)
emb_esmc6b_2459,esmc6b,ESMC-6B forward pass on UniProt sequence (layer 64 mean-pool)
emb_esmc6b_2460,esmc6b,ESMC-6B forward pass on UniProt sequence (layer 64 mean-pool)
emb_esmc6b_2461,esmc6b,ESMC-6B forward pass on UniProt sequence (layer 64 mean-pool)
emb_esmc6b_2462,esmc6b,ESMC-6B forward pass on UniProt sequence (layer 64 mean-pool)
emb_esmc6b_2463,esmc6b,ESMC-6B forward pass on UniProt sequence (layer 64 mean-pool)
emb_esmc6b_2464,esmc6b,ESMC-6B forward pass on UniProt sequence (layer 64 mean-pool)
emb_esmc6b_2465,esmc6b,ESMC-6B forward pass on UniProt sequence (layer 64 mean-pool)
emb_esmc6b_2466,esmc6b,ESMC-6B forward pass on UniProt sequence (layer 64 mean-pool)
emb_esmc6b_2467,esmc6b,ESMC-6B forward pass on UniProt sequence (layer 64 mean-pool)
emb_esmc6b_2468,esmc6b,ESMC-6B forward pass on UniProt sequence (layer 64 mean-pool)
emb_esmc6b_2469,esmc6b,ESMC-6B forward pass on UniProt sequence (layer 64 mean-pool)
emb_esmc6b_2470,esmc6b,ESMC-6B forward pass on UniProt sequence (layer 64 mean-pool)
emb_esmc6b_2471,esmc6b,ESMC-6B forward pass on UniProt sequence (layer 64 mean-pool)
emb_esmc6b_2472,esmc6b,ESMC-6B forward pass on UniProt sequence (layer 64 mean-pool)
emb_esmc6b_2473,esmc6b,ESMC-6B forward pass on UniProt sequence (layer 64 mean-pool)
emb_esmc6b_2474,esmc6b,ESMC-6B forward pass on UniProt sequence (layer 64 mean-pool)
emb_esmc6b_2475,esmc6b,ESMC-6B forward pass on UniProt sequence (layer 64 mean-pool)
emb_esmc6b_2476,esmc6b,ESMC-6B forward pass on UniProt sequence (layer 64 mean-pool)
emb_esmc6b_2477,esmc6b,ESMC-6B forward pass on UniProt sequence (layer 64 mean-pool)
emb_esmc6b_2478,esmc6b,ESMC-6B forward pass on UniProt sequence (layer 64 mean-pool)
emb_esmc6b_2479,esmc6b,ESMC-6B forward pass on UniProt sequence (layer 64 mean-pool)
emb_esmc6b_2480,esmc6b,ESMC-6B forward pass on UniProt sequence (layer 64 mean-pool)
emb_esmc6b_2481,esmc6b,ESMC-6B forward pass on UniProt sequence (layer 64 mean-pool)
emb_esmc6b_2482,esmc6b,ESMC-6B forward pass on UniProt sequence (layer 64 mean-pool)
emb_esmc6b_2483,esmc6b,ESMC-6B forward pass on UniProt sequence (layer 64 mean-pool)
emb_esmc6b_2484,esmc6b,ESMC-6B forward pass on UniProt sequence (layer 64 mean-pool)
emb_esmc6b_2485,esmc6b,ESMC-6B forward pass on UniProt sequence (layer 64 mean-pool)
emb_esmc6b_2486,esmc6b,ESMC-6B forward pass on UniProt sequence (layer 64 mean-pool)
emb_esmc6b_2487,esmc6b,ESMC-6B forward pass on UniProt sequence (layer 64 mean-pool)
emb_esmc6b_2488,esmc6b,ESMC-6B forward pass on UniProt sequence (layer 64 mean-pool)
emb_esmc6b_2489,esmc6b,ESMC-6B forward pass on UniProt sequence (layer 64 mean-pool)
emb_esmc6b_2490,esmc6b,ESMC-6B forward pass on UniProt sequence (layer 64 mean-pool)
emb_esmc6b_2491,esmc6b,ESMC-6B forward pass on UniProt sequence (layer 64 mean-pool)
emb_esmc6b_2492,esmc6b,ESMC-6B forward pass on UniProt sequence (layer 64 mean-pool)
emb_esmc6b_2493,esmc6b,ESMC-6B forward pass on UniProt sequence (layer 64 mean-pool)
emb_esmc6b_2494,esmc6b,ESMC-6B forward pass on UniProt sequence (layer 64 mean-pool)
emb_esmc6b_2495,esmc6b,ESMC-6B forward pass on UniProt sequence (layer 64 mean-pool)
emb_esmc6b_2496,esmc6b,ESMC-6B forward pass on UniProt sequence (layer 64 mean-pool)
emb_esmc6b_2497,esmc6b,ESMC-6B forward pass on UniProt sequence (layer 64 mean-pool)
emb_esmc6b_2498,esmc6b,ESMC-6B forward pass on UniProt sequence (layer 64 mean-pool)
emb_esmc6b_2499,esmc6b,ESMC-6B forward pass on UniProt sequence (layer 64 mean-pool)
emb_esmc6b_2500,esmc6b,ESMC-6B forward pass on UniProt sequence (layer 64 mean-pool)
emb_esmc6b_2501,esmc6b,ESMC-6B forward pass on UniProt sequence (layer 64 mean-pool)
emb_esmc6b_2502,esmc6b,ESMC-6B forward pass on UniProt sequence (layer 64 mean-pool)
emb_esmc6b_2503,esmc6b,ESMC-6B forward pass on UniProt sequence (layer 64 mean-pool)
emb_esmc6b_2504,esmc6b,ESMC-6B forward pass on UniProt sequence (layer 64 mean-pool)
emb_esmc6b_2505,esmc6b,ESMC-6B forward pass on UniProt sequence (layer 64 mean-pool)
emb_esmc6b_2506,esmc6b,ESMC-6B forward pass on UniProt sequence (layer 64 mean-pool)
emb_esmc6b_2507,esmc6b,ESMC-6B forward pass on UniProt sequence (layer 64 mean-pool)
emb_esmc6b_2508,esmc6b,ESMC-6B forward pass on UniProt sequence (layer 64 mean-pool)
emb_esmc6b_2509,esmc6b,ESMC-6B forward pass on UniProt sequence (layer 64 mean-pool)
emb_esmc6b_2510,esmc6b,ESMC-6B forward pass on UniProt sequence (layer 64 mean-pool)
emb_esmc6b_2511,esmc6b,ESMC-6B forward pass on UniProt sequence (layer 64 mean-pool)
emb_esmc6b_2512,esmc6b,ESMC-6B forward pass on UniProt sequence (layer 64 mean-pool)
emb_esmc6b_2513,esmc6b,ESMC-6B forward pass on UniProt sequence (layer 64 mean-pool)
emb_esmc6b_2514,esmc6b,ESMC-6B forward pass on UniProt sequence (layer 64 mean-pool)
emb_esmc6b_2515,esmc6b,ESMC-6B forward pass on UniProt sequence (layer 64 mean-pool)
emb_esmc6b_2516,esmc6b,ESMC-6B forward pass on UniProt sequence (layer 64 mean-pool)
emb_esmc6b_2517,esmc6b,ESMC-6B forward pass on UniProt sequence (layer 64 mean-pool)
emb_esmc6b_2518,esmc6b,ESMC-6B forward pass on UniProt sequence (layer 64 mean-pool)
emb_esmc6b_2519,esmc6b,ESMC-6B forward pass on UniProt sequence (layer 64 mean-pool)
emb_esmc6b_2520,esmc6b,ESMC-6B forward pass on UniProt sequence (layer 64 mean-pool)
emb_esmc6b_2521,esmc6b,ESMC-6B forward pass on UniProt sequence (layer 64 mean-pool)
emb_esmc6b_2522,esmc6b,ESMC-6B forward pass on UniProt sequence (layer 64 mean-pool)
emb_esmc6b_2523,esmc6b,ESMC-6B forward pass on UniProt sequence (layer 64 mean-pool)
emb_esmc6b_2524,esmc6b,ESMC-6B forward pass on UniProt sequence (layer 64 mean-pool)
emb_esmc6b_2525,esmc6b,ESMC-6B forward pass on UniProt sequence (layer 64 mean-pool)
emb_esmc6b_2526,esmc6b,ESMC-6B forward pass on UniProt sequence (layer 64 mean-pool)
emb_esmc6b_2527,esmc6b,ESMC-6B forward pass on UniProt sequence (layer 64 mean-pool)
emb_esmc6b_2528,esmc6b,ESMC-6B forward pass on UniProt sequence (layer 64 mean-pool)
emb_esmc6b_2529,esmc6b,ESMC-6B forward pass on UniProt sequence (layer 64 mean-pool)
emb_esmc6b_2530,esmc6b,ESMC-6B forward pass on UniProt sequence (layer 64 mean-pool)
emb_esmc6b_2531,esmc6b,ESMC-6B forward pass on UniProt sequence (layer 64 mean-pool)
emb_esmc6b_2532,esmc6b,ESMC-6B forward pass on UniProt sequence (layer 64 mean-pool)
emb_esmc6b_2533,esmc6b,ESMC-6B forward pass on UniProt sequence (layer 64 mean-pool)
emb_esmc6b_2534,esmc6b,ESMC-6B forward pass on UniProt sequence (layer 64 mean-pool)
emb_esmc6b_2535,esmc6b,ESMC-6B forward pass on UniProt sequence (layer 64 mean-pool)
emb_esmc6b_2536,esmc6b,ESMC-6B forward pass on UniProt sequence (layer 64 mean-pool)
emb_esmc6b_2537,esmc6b,ESMC-6B forward pass on UniProt sequence (layer 64 mean-pool)
emb_esmc6b_2538,esmc6b,ESMC-6B forward pass on UniProt sequence (layer 64 mean-pool)
emb_esmc6b_2539,esmc6b,ESMC-6B forward pass on UniProt sequence (layer 64 mean-pool)
emb_esmc6b_2540,esmc6b,ESMC-6B forward pass on UniProt sequence (layer 64 mean-pool)
emb_esmc6b_2541,esmc6b,ESMC-6B forward pass on UniProt sequence (layer 64 mean-pool)
emb_esmc6b_2542,esmc6b,ESMC-6B forward pass on UniProt sequence (layer 64 mean-pool)
emb_esmc6b_2543,esmc6b,ESMC-6B forward pass on UniProt sequence (layer 64 mean-pool)
emb_esmc6b_2544,esmc6b,ESMC-6B forward pass on UniProt sequence (layer 64 mean-pool)
emb_esmc6b_2545,esmc6b,ESMC-6B forward pass on UniProt sequence (layer 64 mean-pool)
emb_esmc6b_2546,esmc6b,ESMC-6B forward pass on UniProt sequence (layer 64 mean-pool)
emb_esmc6b_2547,esmc6b,ESMC-6B forward pass on UniProt sequence (layer 64 mean-pool)
emb_esmc6b_2548,esmc6b,ESMC-6B forward pass on UniProt sequence (layer 64 mean-pool)
emb_esmc6b_2549,esmc6b,ESMC-6B forward pass on UniProt sequence (layer 64 mean-pool)
emb_esmc6b_2550,esmc6b,ESMC-6B forward pass on UniProt sequence (layer 64 mean-pool)
emb_esmc6b_2551,esmc6b,ESMC-6B forward pass on UniProt sequence (layer 64 mean-pool)
emb_esmc6b_2552,esmc6b,ESMC-6B forward pass on UniProt sequence (layer 64 mean-pool)
emb_esmc6b_2553,esmc6b,ESMC-6B forward pass on UniProt sequence (layer 64 mean-pool)
emb_esmc6b_2554,esmc6b,ESMC-6B forward pass on UniProt sequence (layer 64 mean-pool)
emb_esmc6b_2555,esmc6b,ESMC-6B forward pass on UniProt sequence (layer 64 mean-pool)
emb_esmc6b_2556,esmc6b,ESMC-6B forward pass on UniProt sequence (layer 64 mean-pool)
emb_esmc6b_2557,esmc6b,ESMC-6B forward pass on UniProt sequence (layer 64 mean-pool)
emb_esmc6b_2558,esmc6b,ESMC-6B forward pass on UniProt sequence (layer 64 mean-pool)
emb_esmc6b_2559,esmc6b,ESMC-6B forward pass on UniProt sequence (layer 64 mean-pool)
pgo_n_terms,predicted_go,InterPro domains -> InterPro2GO map (sequence-derived)
pgo_GO_0016020,predicted_go,InterPro domains -> InterPro2GO map (sequence-derived)
pgo_GO_0005515,predicted_go,InterPro domains -> InterPro2GO map (sequence-derived)
pgo_GO_0005524,predicted_go,InterPro domains -> InterPro2GO map (sequence-derived)
pgo_GO_0006468,predicted_go,InterPro domains -> InterPro2GO map (sequence-derived)
pgo_GO_0055085,predicted_go,InterPro domains -> InterPro2GO map (sequence-derived)
pgo_GO_0004672,predicted_go,InterPro domains -> InterPro2GO map (sequence-derived)
pgo_GO_0006811,predicted_go,InterPro domains -> InterPro2GO map (sequence-derived)
pgo_GO_0005216,predicted_go,InterPro domains -> InterPro2GO map (sequence-derived)
pgo_GO_0007186,predicted_go,InterPro domains -> InterPro2GO map (sequence-derived)
pgo_GO_0004930,predicted_go,InterPro domains -> InterPro2GO map (sequence-derived)
pgo_GO_0005576,predicted_go,InterPro domains -> InterPro2GO map (sequence-derived)
pgo_GO_0006355,predicted_go,InterPro domains -> InterPro2GO map (sequence-derived)
pgo_GO_0003677,predicted_go,InterPro domains -> InterPro2GO map (sequence-derived)
pgo_GO_0008270,predicted_go,InterPro domains -> InterPro2GO map (sequence-derived)
pgo_GO_0003735,predicted_go,InterPro domains -> InterPro2GO map (sequence-derived)
pgo_GO_0006412,predicted_go,InterPro domains -> InterPro2GO map (sequence-derived)
pgo_GO_0005634,predicted_go,InterPro domains -> InterPro2GO map (sequence-derived)
pgo_GO_0005840,predicted_go,InterPro domains -> InterPro2GO map (sequence-derived)
pgo_GO_0005886,predicted_go,InterPro domains -> InterPro2GO map (sequence-derived)
pgo_GO_0003700,predicted_go,InterPro domains -> InterPro2GO map (sequence-derived)
pgo_GO_0007165,predicted_go,InterPro domains -> InterPro2GO map (sequence-derived)
pgo_GO_0004713,predicted_go,InterPro domains -> InterPro2GO map (sequence-derived)
pgo_GO_0006813,predicted_go,InterPro domains -> InterPro2GO map (sequence-derived)
pgo_GO_0016887,predicted_go,InterPro domains -> InterPro2GO map (sequence-derived)
pgo_GO_0004888,predicted_go,InterPro domains -> InterPro2GO map (sequence-derived)
pgo_GO_0006508,predicted_go,InterPro domains -> InterPro2GO map (sequence-derived)
pgo_GO_0006955,predicted_go,InterPro domains -> InterPro2GO map (sequence-derived)
pgo_GO_0005249,predicted_go,InterPro domains -> InterPro2GO map (sequence-derived)
pgo_GO_0005509,predicted_go,InterPro domains -> InterPro2GO map (sequence-derived)
pgo_GO_0020037,predicted_go,InterPro domains -> InterPro2GO map (sequence-derived)
pgo_GO_0005230,predicted_go,InterPro domains -> InterPro2GO map (sequence-derived)
pgo_GO_0034220,predicted_go,InterPro domains -> InterPro2GO map (sequence-derived)
pgo_GO_0016491,predicted_go,InterPro domains -> InterPro2GO map (sequence-derived)
pgo_GO_0005506,predicted_go,InterPro domains -> InterPro2GO map (sequence-derived)
pgo_GO_0043565,predicted_go,InterPro domains -> InterPro2GO map (sequence-derived)
pgo_GO_0003723,predicted_go,InterPro domains -> InterPro2GO map (sequence-derived)
pgo_GO_0004497,predicted_go,InterPro domains -> InterPro2GO map (sequence-derived)
pgo_GO_0005525,predicted_go,InterPro domains -> InterPro2GO map (sequence-derived)
pgo_GO_0022857,predicted_go,InterPro domains -> InterPro2GO map (sequence-derived)
pgo_GO_0007169,predicted_go,InterPro domains -> InterPro2GO map (sequence-derived)
pgo_GO_0008076,predicted_go,InterPro domains -> InterPro2GO map (sequence-derived)
pgo_GO_0016705,predicted_go,InterPro domains -> InterPro2GO map (sequence-derived)
pgo_GO_0051260,predicted_go,InterPro domains -> InterPro2GO map (sequence-derived)
pgo_GO_0005737,predicted_go,InterPro domains -> InterPro2GO map (sequence-derived)
pgo_GO_0004252,predicted_go,InterPro domains -> InterPro2GO map (sequence-derived)
pgo_GO_0046872,predicted_go,InterPro domains -> InterPro2GO map (sequence-derived)
pgo_GO_0003824,predicted_go,InterPro domains -> InterPro2GO map (sequence-derived)
pgo_GO_0003924,predicted_go,InterPro domains -> InterPro2GO map (sequence-derived)
pgo_GO_0035556,predicted_go,InterPro domains -> InterPro2GO map (sequence-derived)
pgo_GO_0038023,predicted_go,InterPro domains -> InterPro2GO map (sequence-derived)
pgo_GO_0004114,predicted_go,InterPro domains -> InterPro2GO map (sequence-derived)
pgo_GO_0006281,predicted_go,InterPro domains -> InterPro2GO map (sequence-derived)
pgo_GO_0008081,predicted_go,InterPro domains -> InterPro2GO map (sequence-derived)
pgo_GO_0004674,predicted_go,InterPro domains -> InterPro2GO map (sequence-derived)
pgo_GO_0140359,predicted_go,InterPro domains -> InterPro2GO map (sequence-derived)
pgo_GO_0070588,predicted_go,InterPro domains -> InterPro2GO map (sequence-derived)
pgo_GO_0030163,predicted_go,InterPro domains -> InterPro2GO map (sequence-derived)
pgo_GO_0003676,predicted_go,InterPro domains -> InterPro2GO map (sequence-derived)
pgo_GO_0005839,predicted_go,InterPro domains -> InterPro2GO map (sequence-derived)
pgo_GO_0005179,predicted_go,InterPro domains -> InterPro2GO map (sequence-derived)
struct_seq_length,structure,AlphaFold structure descriptors (structure predicted from sequence)
struct_mean_plddt,structure,AlphaFold structure descriptors (structure predicted from sequence)
struct_std_plddt,structure,AlphaFold structure descriptors (structure predicted from sequence)
struct_frac_plddt_lt50,structure,AlphaFold structure descriptors (structure predicted from sequence)
struct_frac_plddt_50_70,structure,AlphaFold structure descriptors (structure predicted from sequence)
struct_frac_plddt_70_90,structure,AlphaFold structure descriptors (structure predicted from sequence)
struct_frac_plddt_gt90,structure,AlphaFold structure descriptors (structure predicted from sequence)
struct_helix_frac,structure,AlphaFold structure descriptors (structure predicted from sequence)
struct_sheet_frac,structure,AlphaFold structure descriptors (structure predicted from sequence)
struct_coil_frac,structure,AlphaFold structure descriptors (structure predicted from sequence)
struct_radius_of_gyration,structure,AlphaFold structure descriptors (structure predicted from sequence)
struct_rg_norm,structure,AlphaFold structure descriptors (structure predicted from sequence)
struct_frac_largest_ordered_domain,structure,AlphaFold structure descriptors (structure predicted from sequence)
struct_n_disordered_segments,structure,AlphaFold structure descriptors (structure predicted from sequence)
struct_has_structure,structure,AlphaFold structure descriptors (structure predicted from sequence)
homol_n_homologs_e3,homology,"DIAMOND homology to known targets (sequence-derived, label-free)"
homol_max_pct_identity_to_any_target,homology,"DIAMOND homology to known targets (sequence-derived, label-free)"
homol_mean_bitscore_top5,homology,"DIAMOND homology to known targets (sequence-derived, label-free)"
homol_has_close_homolog,homology,"DIAMOND homology to known targets (sequence-derived, label-free)"
